event_type,module,timestamp,label,features.process_name,features.parent_process,features.pid,features.cpu,features.uptime,features.duration,features.filename,features.hash,features.registry_key,features.ip,features.domain,features.asn,features.country,features.score,features.timestamp
Time-Based Execution Window,logic_bomb,2025-08-13T23:20:22Z,5.0,,,,,,,,,,,,,,5.0,2025-08-13T23:20:22Z
Time-Based Execution Window,logic_bomb,2025-08-13T23:20:28Z,5.0,,,,,,,,,,,,,,5.0,2025-08-13T23:20:28Z
Consistent Execution Time,logic_bomb,2025-08-13T23:20:28Z,6.0,svchost.exe,,,,,,,,,,,,,6.0,2025-08-13T23:20:28Z
Consistent Execution Time,logic_bomb,2025-08-13T23:20:35Z,6.0,svchost.exe,,,,,,,,,,,,,6.0,2025-08-13T23:20:35Z
Consistent Execution Time,logic_bomb,2025-08-13T23:20:41Z,6.0,svchost.exe,,,,,,,,,,,,,6.0,2025-08-13T23:20:41Z
Consistent Execution Time,logic_bomb,2025-08-13T23:20:47Z,6.0,svchost.exe,,,,,,,,,,,,,6.0,2025-08-13T23:20:47Z
Consistent Execution Time,logic_bomb,2025-08-13T23:20:53Z,6.0,svchost.exe,,,,,,,,,,,,,6.0,2025-08-13T23:20:53Z
Process Created,process_monitor,2025-08-14T21:45:46Z,1.0,System Idle Process,system idle process,,,,,,,,,,,,1.0,2025-08-14T21:45:46Z
Process Created,process_monitor,2025-08-14T21:45:50Z,1.0,System,system idle process,,,,,,,,,,,,1.0,2025-08-14T21:45:50Z
Process Created,process_monitor,2025-08-14T21:45:54Z,1.0,,system,,,,,,,,,,,,1.0,2025-08-14T21:45:54Z
Process Created,process_monitor,2025-08-14T21:45:58Z,1.0,Registry,system,,,,,,,,,,,,1.0,2025-08-14T21:45:58Z
Process Created,process_monitor,2025-08-14T21:46:03Z,1.0,Cursor.exe,cursor.exe,,,,,,,,,,,,1.0,2025-08-14T21:46:03Z
Suspicious Process Modules,process_monitor,2025-08-14T21:46:07Z,6.0,Cursor.exe,,,,,,,,,,,,,6.0,2025-08-14T21:46:07Z
Process Created,process_monitor,2025-08-14T21:46:11Z,1.0,IntelCpHDCPSvc.exe,services.exe,,,,,,,,,,,,1.0,2025-08-14T21:46:11Z
Process Created,process_monitor,2025-08-14T21:46:15Z,1.0,smss.exe,system,,,,,,,,,,,,1.0,2025-08-14T21:46:15Z
Process Created,process_monitor,2025-08-14T21:46:19Z,1.0,csrss.exe,unknown,,,,,,,,,,,,1.0,2025-08-14T21:46:19Z
Process Created,process_monitor,2025-08-14T21:46:23Z,1.0,Cursor.exe,cursor.exe,,,,,,,,,,,,1.0,2025-08-14T21:46:23Z
Suspicious Process Modules,process_monitor,2025-08-14T21:46:27Z,6.0,Cursor.exe,,,,,,,,,,,,,6.0,2025-08-14T21:46:27Z
Process Created,process_monitor,2025-08-14T21:46:31Z,1.0,wininit.exe,unknown,,,,,,,,,,,,1.0,2025-08-14T21:46:31Z
Process Created,process_monitor,2025-08-14T21:46:35Z,1.0,csrss.exe,unknown,,,,,,,,,,,,1.0,2025-08-14T21:46:35Z
Process Created,process_monitor,2025-08-14T21:46:40Z,1.0,SecurityHealthSystray.exe,explorer.exe,,,,,,,,,,,,1.0,2025-08-14T21:46:40Z
Suspicious Process Modules,process_monitor,2025-08-14T21:46:44Z,6.0,SecurityHealthSystray.exe,,,,,,,,,,,,,6.0,2025-08-14T21:46:44Z
Process Created,process_monitor,2025-08-14T21:46:48Z,1.0,winlogon.exe,unknown,,,,,,,,,,,,1.0,2025-08-14T21:46:48Z
Process Created,process_monitor,2025-08-14T21:46:52Z,1.0,services.exe,wininit.exe,,,,,,,,,,,,1.0,2025-08-14T21:46:52Z
Process Created,process_monitor,2025-08-14T21:46:56Z,1.0,svchost.exe,services.exe,,,,,,,,,,,,1.0,2025-08-14T21:46:56Z
Process Created,process_monitor,2025-08-14T21:47:00Z,1.0,svchost.exe,services.exe,,,,,,,,,,,,1.0,2025-08-14T21:47:00Z
Process Created,process_monitor,2025-08-14T21:47:04Z,1.0,LsaIso.exe,wininit.exe,,,,,,,,,,,,1.0,2025-08-14T21:47:04Z
Process Created,process_monitor,2025-08-14T21:47:08Z,1.0,lsass.exe,wininit.exe,,,,,,,,,,,,1.0,2025-08-14T21:47:08Z
Process Created,process_monitor,2025-08-14T21:47:13Z,1.0,svchost.exe,services.exe,,,,,,,,,,,,1.0,2025-08-14T21:47:13Z
Process Created,process_monitor,2025-08-14T21:47:17Z,1.0,Cursor.exe,cursor.exe,,,,,,,,,,,,1.0,2025-08-14T21:47:17Z
Suspicious Process Modules,process_monitor,2025-08-14T21:47:21Z,6.0,Cursor.exe,,,,,,,,,,,,,6.0,2025-08-14T21:47:21Z
Process Created,process_monitor,2025-08-14T21:47:25Z,1.0,taskhostw.exe,svchost.exe,,,,,,,,,,,,1.0,2025-08-14T21:47:25Z
Suspicious Process Modules,process_monitor,2025-08-14T21:47:29Z,6.0,taskhostw.exe,,,,,,,,,,,,,6.0,2025-08-14T21:47:29Z
Process Created,process_monitor,2025-08-14T21:47:33Z,1.0,svchost.exe,services.exe,,,,,,,,,,,,1.0,2025-08-14T21:47:33Z
Process Created,process_monitor,2025-08-14T21:47:37Z,1.0,svchost.exe,services.exe,,,,,,,,,,,,1.0,2025-08-14T21:47:37Z
Process Created,process_monitor,2025-08-14T21:47:41Z,1.0,fontdrvhost.exe,wininit.exe,,,,,,,,,,,,1.0,2025-08-14T21:47:41Z
Process Created,process_monitor,2025-08-14T21:47:46Z,1.0,fontdrvhost.exe,winlogon.exe,,,,,,,,,,,,1.0,2025-08-14T21:47:46Z
Process Created,process_monitor,2025-08-14T21:47:50Z,1.0,svchost.exe,services.exe,,,,,,,,,,,,1.0,2025-08-14T21:47:50Z
Process Created,process_monitor,2025-08-14T21:47:54Z,1.0,svchost.exe,services.exe,,,,,,,,,,,,1.0,2025-08-14T21:47:54Z
Process Created,process_monitor,2025-08-14T21:47:58Z,1.0,svchost.exe,services.exe,,,,,,,,,,,,1.0,2025-08-14T21:47:58Z
Process Created,process_monitor,2025-08-14T21:48:02Z,1.0,dwm.exe,winlogon.exe,,,,,,,,,,,,1.0,2025-08-14T21:48:02Z
Process Created,process_monitor,2025-08-14T21:48:06Z,1.0,UserOOBEBroker.exe,svchost.exe,,,,,,,,,,,,1.0,2025-08-14T21:48:06Z
Suspicious Process Modules,process_monitor,2025-08-14T21:48:10Z,6.0,UserOOBEBroker.exe,,,,,,,,,,,,,6.0,2025-08-14T21:48:10Z
Process Created,process_monitor,2025-08-14T21:48:14Z,1.0,PresentationFontCache.exe,services.exe,,,,,,,,,,,,1.0,2025-08-14T21:48:14Z
Process Created,process_monitor,2025-08-14T21:48:19Z,1.0,svchost.exe,services.exe,,,,,,,,,,,,1.0,2025-08-14T21:48:19Z
Process Created,process_monitor,2025-08-14T21:48:23Z,1.0,RuntimeBroker.exe,svchost.exe,,,,,,,,,,,,1.0,2025-08-14T21:48:23Z
Suspicious Process Modules,process_monitor,2025-08-14T21:48:27Z,6.0,RuntimeBroker.exe,,,,,,,,,,,,,6.0,2025-08-14T21:48:27Z
Process Created,process_monitor,2025-08-14T21:48:31Z,1.0,svchost.exe,services.exe,,,,,,,,,,,,1.0,2025-08-14T21:48:31Z
Process Created,process_monitor,2025-08-14T21:48:35Z,1.0,svchost.exe,services.exe,,,,,,,,,,,,1.0,2025-08-14T21:48:35Z
Process Created,process_monitor,2025-08-14T21:48:39Z,1.0,svchost.exe,services.exe,,,,,,,,,,,,1.0,2025-08-14T21:48:39Z
Process Created,process_monitor,2025-08-14T21:48:43Z,1.0,svchost.exe,services.exe,,,,,,,,,,,,1.0,2025-08-14T21:48:43Z
Process Created,process_monitor,2025-08-14T21:48:47Z,1.0,svchost.exe,services.exe,,,,,,,,,,,,1.0,2025-08-14T21:48:47Z
Process Created,process_monitor,2025-08-14T21:48:51Z,1.0,WsToastNotification.exe,wsnativepushservice.exe,,,,,,,,,,,,1.0,2025-08-14T21:48:51Z
Suspicious Process Modules,process_monitor,2025-08-14T21:48:55Z,6.0,WsToastNotification.exe,,,,,,,,,,,,,6.0,2025-08-14T21:48:55Z
Process Created,process_monitor,2025-08-14T21:49:00Z,1.0,svchost.exe,services.exe,,,,,,,,,,,,1.0,2025-08-14T21:49:00Z
Process Created,process_monitor,2025-08-14T21:49:04Z,1.0,svchost.exe,services.exe,,,,,,,,,,,,1.0,2025-08-14T21:49:04Z
Suspicious Process Modules,process_monitor,2025-08-14T21:49:08Z,6.0,svchost.exe,,,,,,,,,,,,,6.0,2025-08-14T21:49:08Z
Process Created,process_monitor,2025-08-14T21:49:12Z,1.0,svchost.exe,services.exe,,,,,,,,,,,,1.0,2025-08-14T21:49:12Z
Process Created,process_monitor,2025-08-14T21:49:16Z,1.0,svchost.exe,services.exe,,,,,,,,,,,,1.0,2025-08-14T21:49:16Z
Process Created,process_monitor,2025-08-14T21:49:20Z,1.0,svchost.exe,services.exe,,,,,,,,,,,,1.0,2025-08-14T21:49:20Z
Process Created,process_monitor,2025-08-14T21:49:24Z,1.0,IntelCpHeciSvc.exe,services.exe,,,,,,,,,,,,1.0,2025-08-14T21:49:24Z
Process Created,process_monitor,2025-08-14T21:49:28Z,1.0,CodeSetup-stable-1.4.5.tmp,codesetup-stable-1.4.5.exe,,,,,,,,,,,,1.0,2025-08-14T21:49:28Z
Process Created,process_monitor,2025-08-14T21:49:32Z,1.0,firefox.exe,unknown,,,,,,,,,,,,1.0,2025-08-14T21:49:32Z
Suspicious Process Modules,process_monitor,2025-08-14T21:49:37Z,6.0,firefox.exe,,,,,,,,,,,,,6.0,2025-08-14T21:49:37Z
Process Created,process_monitor,2025-08-14T21:49:41Z,1.0,backgroundTaskHost.exe,svchost.exe,,,,,,,,,,,,1.0,2025-08-14T21:49:41Z
Suspicious Process Modules,process_monitor,2025-08-14T21:49:45Z,6.0,backgroundTaskHost.exe,,,,,,,,,,,,,6.0,2025-08-14T21:49:45Z
Process Created,process_monitor,2025-08-14T21:49:49Z,1.0,svchost.exe,services.exe,,,,,,,,,,,,1.0,2025-08-14T21:49:49Z
Process Created,process_monitor,2025-08-14T21:49:53Z,1.0,SearchIndexer.exe,services.exe,,,,,,,,,,,,1.0,2025-08-14T21:49:53Z
Process Created,process_monitor,2025-08-14T21:49:57Z,1.0,Cursor.exe,cursor.exe,,,,,,,,,,,,1.0,2025-08-14T21:49:57Z
Suspicious Process Modules,process_monitor,2025-08-14T21:50:01Z,6.0,Cursor.exe,,,,,,,,,,,,,6.0,2025-08-14T21:50:01Z
Process Created,process_monitor,2025-08-14T21:50:06Z,1.0,firefox.exe,firefox.exe,,,,,,,,,,,,1.0,2025-08-14T21:50:06Z
Suspicious Process Modules,process_monitor,2025-08-14T21:50:10Z,6.0,firefox.exe,,,,,,,,,,,,,6.0,2025-08-14T21:50:10Z
Process Created,process_monitor,2025-08-14T21:50:14Z,1.0,svchost.exe,services.exe,,,,,,,,,,,,1.0,2025-08-14T21:50:14Z
Process Created,process_monitor,2025-08-14T21:50:18Z,1.0,jucheck.exe,jusched.exe,,,,,,,,,,,,1.0,2025-08-14T21:50:18Z
Process Created,process_monitor,2025-08-14T21:50:22Z,1.0,svchost.exe,services.exe,,,,,,,,,,,,1.0,2025-08-14T21:50:22Z
Process Created,process_monitor,2025-08-14T21:50:26Z,1.0,SynTPEnhService.exe,services.exe,,,,,,,,,,,,1.0,2025-08-14T21:50:26Z
Process Created,process_monitor,2025-08-14T21:50:30Z,1.0,svchost.exe,services.exe,,,,,,,,,,,,1.0,2025-08-14T21:50:30Z
Process Created,process_monitor,2025-08-14T21:50:34Z,1.0,NVDisplay.Container.exe,services.exe,,,,,,,,,,,,1.0,2025-08-14T21:50:34Z
Process Created,process_monitor,2025-08-14T21:50:38Z,1.0,svchost.exe,services.exe,,,,,,,,,,,,1.0,2025-08-14T21:50:38Z
Process Created,process_monitor,2025-08-14T21:50:43Z,1.0,svchost.exe,services.exe,,,,,,,,,,,,1.0,2025-08-14T21:50:43Z
Process Created,process_monitor,2025-08-14T21:50:47Z,1.0,svchost.exe,services.exe,,,,,,,,,,,,1.0,2025-08-14T21:50:47Z
Process Created,process_monitor,2025-08-14T21:50:51Z,1.0,svchost.exe,services.exe,,,,,,,,,,,,1.0,2025-08-14T21:50:51Z
Process Created,process_monitor,2025-08-14T21:50:55Z,1.0,svchost.exe,services.exe,,,,,,,,,,,,1.0,2025-08-14T21:50:55Z
Process Created,process_monitor,2025-08-14T21:50:59Z,1.0,svchost.exe,services.exe,,,,,,,,,,,,1.0,2025-08-14T21:50:59Z
Process Created,process_monitor,2025-08-14T21:51:03Z,1.0,MemCompression,system,,,,,,,,,,,,1.0,2025-08-14T21:51:03Z
Process Created,process_monitor,2025-08-14T21:51:07Z,1.0,igfxCUIService.exe,services.exe,,,,,,,,,,,,1.0,2025-08-14T21:51:07Z
Process Created,process_monitor,2025-08-14T21:51:12Z,1.0,svchost.exe,services.exe,,,,,,,,,,,,1.0,2025-08-14T21:51:12Z
Process Created,process_monitor,2025-08-14T21:51:16Z,1.0,svchost.exe,services.exe,,,,,,,,,,,,1.0,2025-08-14T21:51:16Z
Process Created,process_monitor,2025-08-14T21:51:20Z,1.0,svchost.exe,services.exe,,,,,,,,,,,,1.0,2025-08-14T21:51:20Z
Process Created,process_monitor,2025-08-14T21:51:24Z,1.0,svchost.exe,services.exe,,,,,,,,,,,,1.0,2025-08-14T21:51:24Z
Suspicious Process Modules,process_monitor,2025-08-14T21:51:28Z,6.0,svchost.exe,,,,,,,,,,,,,6.0,2025-08-14T21:51:28Z
Process Created,process_monitor,2025-08-14T21:51:32Z,1.0,NVDisplay.Container.exe,nvdisplay.container.exe,,,,,,,,,,,,1.0,2025-08-14T21:51:32Z
Process Created,process_monitor,2025-08-14T21:51:36Z,1.0,svchost.exe,services.exe,,,,,,,,,,,,1.0,2025-08-14T21:51:36Z
Process Created,process_monitor,2025-08-14T21:51:40Z,1.0,svchost.exe,services.exe,,,,,,,,,,,,1.0,2025-08-14T21:51:40Z
Process Created,process_monitor,2025-08-14T21:51:45Z,1.0,svchost.exe,services.exe,,,,,,,,,,,,1.0,2025-08-14T21:51:45Z
Process Created,process_monitor,2025-08-14T21:51:49Z,1.0,svchost.exe,services.exe,,,,,,,,,,,,1.0,2025-08-14T21:51:49Z
Process Created,process_monitor,2025-08-14T21:51:53Z,1.0,svchost.exe,services.exe,,,,,,,,,,,,1.0,2025-08-14T21:51:53Z
Process Created,process_monitor,2025-08-14T21:51:57Z,1.0,steamwebhelper.exe,steamwebhelper.exe,,,,,,,,,,,,1.0,2025-08-14T21:51:57Z
Suspicious Process Modules,process_monitor,2025-08-14T21:52:01Z,6.0,steamwebhelper.exe,,,,,,,,,,,,,6.0,2025-08-14T21:52:01Z
Process Created,process_monitor,2025-08-14T21:52:05Z,1.0,OneApp.IGCC.WinService.exe,services.exe,,,,,,,,,,,,1.0,2025-08-14T21:52:05Z
Process Created,process_monitor,2025-08-14T21:52:09Z,1.0,svchost.exe,services.exe,,,,,,,,,,,,1.0,2025-08-14T21:52:09Z
Process Created,process_monitor,2025-08-14T21:52:14Z,1.0,svchost.exe,services.exe,,,,,,,,,,,,1.0,2025-08-14T21:52:14Z
Process Created,process_monitor,2025-08-14T21:52:18Z,1.0,svchost.exe,services.exe,,,,,,,,,,,,1.0,2025-08-14T21:52:18Z
Process Created,process_monitor,2025-08-14T21:52:22Z,1.0,svchost.exe,services.exe,,,,,,,,,,,,1.0,2025-08-14T21:52:22Z
File Modified,file_monitor,2025-08-14T21:45:49Z,5.0,,,,,,,C:/Windows/System32\winevt\Logs\Application.evtx,,,,,,,5.0,2025-08-14T21:45:49Z
System File Touched,file_monitor,2025-08-14T21:45:53Z,5.0,,,,,,,C:/Windows/System32\winevt\Logs\Application.evtx,,,,,,,5.0,2025-08-14T21:45:53Z
File Modified,file_monitor,2025-08-14T21:45:57Z,5.0,,,,,,,C:/Windows/System32\winevt\Logs\Microsoft-Client-Licensing-Platform%4Admin.evtx,,,,,,,5.0,2025-08-14T21:45:57Z
System File Touched,file_monitor,2025-08-14T21:46:01Z,5.0,,,,,,,C:/Windows/System32\winevt\Logs\Microsoft-Client-Licensing-Platform%4Admin.evtx,,,,,,,5.0,2025-08-14T21:46:01Z
File Modified,file_monitor,2025-08-14T21:46:39Z,5.0,,,,,,,C:/Windows/System32\pcwum.dll,,,,,,,5.0,2025-08-14T21:46:39Z
System File Touched,file_monitor,2025-08-14T21:46:43Z,5.0,,,,,,,C:/Windows/System32\pcwum.dll,,,,,,,5.0,2025-08-14T21:46:43Z
File Modified,file_monitor,2025-08-14T21:46:47Z,5.0,,,,,,,C:/Windows/System32\msvcp140.dll,,,,,,,5.0,2025-08-14T21:46:47Z
System File Touched,file_monitor,2025-08-14T21:46:51Z,5.0,,,,,,,C:/Windows/System32\msvcp140.dll,,,,,,,5.0,2025-08-14T21:46:51Z
File Modified,file_monitor,2025-08-14T21:46:55Z,5.0,,,,,,,C:/Windows/System32\vcruntime140.dll,,,,,,,5.0,2025-08-14T21:46:55Z
System File Touched,file_monitor,2025-08-14T21:46:59Z,5.0,,,,,,,C:/Windows/System32\vcruntime140.dll,,,,,,,5.0,2025-08-14T21:46:59Z
File Modified,file_monitor,2025-08-14T21:47:03Z,5.0,,,,,,,C:/Windows/System32\vcruntime140_1.dll,,,,,,,5.0,2025-08-14T21:47:03Z
System File Touched,file_monitor,2025-08-14T21:47:08Z,5.0,,,,,,,C:/Windows/System32\vcruntime140_1.dll,,,,,,,5.0,2025-08-14T21:47:08Z
File Modified,file_monitor,2025-08-14T21:47:12Z,5.0,,,,,,,C:/Windows/System32\CompPkgSrv.exe,,,,,,,5.0,2025-08-14T21:47:12Z
System File Touched,file_monitor,2025-08-14T21:47:16Z,5.0,,,,,,,C:/Windows/System32\CompPkgSrv.exe,,,,,,,5.0,2025-08-14T21:47:16Z
File Modified,file_monitor,2025-08-14T21:47:20Z,5.0,,,,,,,C:/Windows/System32\CompPkgSup.dll,,,,,,,5.0,2025-08-14T21:47:20Z
System File Touched,file_monitor,2025-08-14T21:47:24Z,5.0,,,,,,,C:/Windows/System32\CompPkgSup.dll,,,,,,,5.0,2025-08-14T21:47:24Z
File Modified,file_monitor,2025-08-14T21:47:28Z,5.0,,,,,,,C:/Windows/System32\Windows.Media.dll,,,,,,,5.0,2025-08-14T21:47:28Z
System File Touched,file_monitor,2025-08-14T21:47:32Z,5.0,,,,,,,C:/Windows/System32\Windows.Media.dll,,,,,,,5.0,2025-08-14T21:47:32Z
File Modified,file_monitor,2025-08-14T21:47:36Z,5.0,,,,,,,C:/Windows/System32\wbem\en-US\cimwin32.dll.mui,,,,,,,5.0,2025-08-14T21:47:36Z
System File Touched,file_monitor,2025-08-14T21:47:40Z,5.0,,,,,,,C:/Windows/System32\wbem\en-US\cimwin32.dll.mui,,,,,,,5.0,2025-08-14T21:47:40Z
File Modified,file_monitor,2025-08-14T21:47:44Z,5.0,,,,,,,C:/Windows/System32\winevt\Logs\System.evtx,,,,,,,5.0,2025-08-14T21:47:44Z
System File Touched,file_monitor,2025-08-14T21:47:48Z,5.0,,,,,,,C:/Windows/System32\winevt\Logs\System.evtx,,,,,,,5.0,2025-08-14T21:47:48Z
File Modified,file_monitor,2025-08-14T21:47:53Z,5.0,,,,,,,C:/Windows/System32\winevt\Logs\Microsoft-Windows-PushNotification-Platform%4Operational.evtx,,,,,,,5.0,2025-08-14T21:47:53Z
System File Touched,file_monitor,2025-08-14T21:47:57Z,5.0,,,,,,,C:/Windows/System32\winevt\Logs\Microsoft-Windows-PushNotification-Platform%4Operational.evtx,,,,,,,5.0,2025-08-14T21:47:57Z
File Modified,file_monitor,2025-08-14T21:48:01Z,5.0,,,,,,,C:/Windows/System32\winevt\Logs\Microsoft-Windows-AppXDeploymentServer%4Operational.evtx,,,,,,,5.0,2025-08-14T21:48:01Z
System File Touched,file_monitor,2025-08-14T21:48:05Z,5.0,,,,,,,C:/Windows/System32\winevt\Logs\Microsoft-Windows-AppXDeploymentServer%4Operational.evtx,,,,,,,5.0,2025-08-14T21:48:05Z
File Modified,file_monitor,2025-08-14T21:48:09Z,5.0,,,,,,,C:/Windows/System32\winevt\Logs\Microsoft-Windows-Crypto-NCrypt%4Operational.evtx,,,,,,,5.0,2025-08-14T21:48:09Z
System File Touched,file_monitor,2025-08-14T21:48:13Z,5.0,,,,,,,C:/Windows/System32\winevt\Logs\Microsoft-Windows-Crypto-NCrypt%4Operational.evtx,,,,,,,5.0,2025-08-14T21:48:13Z
File Modified,file_monitor,2025-08-14T21:48:17Z,5.0,,,,,,,C:/Windows/System32\winevt\Logs\Microsoft-Windows-AAD%4Operational.evtx,,,,,,,5.0,2025-08-14T21:48:17Z
System File Touched,file_monitor,2025-08-14T21:48:21Z,5.0,,,,,,,C:/Windows/System32\winevt\Logs\Microsoft-Windows-AAD%4Operational.evtx,,,,,,,5.0,2025-08-14T21:48:21Z
File Modified,file_monitor,2025-08-14T21:48:25Z,5.0,,,,,,,C:/Windows/System32\drivers\storport.sys,,,,,,,5.0,2025-08-14T21:48:25Z
System File Touched,file_monitor,2025-08-14T21:48:29Z,5.0,,,,,,,C:/Windows/System32\drivers\storport.sys,,,,,,,5.0,2025-08-14T21:48:29Z
File Modified,file_monitor,2025-08-14T21:48:33Z,5.0,,,,,,,C:/Windows/System32\en-US\AppXDeploymentServer.dll.mui,,,,,,,5.0,2025-08-14T21:48:33Z
System File Touched,file_monitor,2025-08-14T21:48:38Z,5.0,,,,,,,C:/Windows/System32\en-US\AppXDeploymentServer.dll.mui,,,,,,,5.0,2025-08-14T21:48:38Z
File Modified,file_monitor,2025-08-14T21:48:42Z,5.0,,,,,,,C:/Windows/System32\winevt\Logs\Microsoft-Windows-Diagnosis-PCW%4Operational.evtx,,,,,,,5.0,2025-08-14T21:48:42Z
System File Touched,file_monitor,2025-08-14T21:48:46Z,5.0,,,,,,,C:/Windows/System32\winevt\Logs\Microsoft-Windows-Diagnosis-PCW%4Operational.evtx,,,,,,,5.0,2025-08-14T21:48:46Z
File Modified,file_monitor,2025-08-14T21:48:50Z,5.0,,,,,,,C:/Windows/System32\IDStore.dll,,,,,,,5.0,2025-08-14T21:48:50Z
System File Touched,file_monitor,2025-08-14T21:48:54Z,5.0,,,,,,,C:/Windows/System32\IDStore.dll,,,,,,,5.0,2025-08-14T21:48:54Z
File Modified,file_monitor,2025-08-14T21:48:58Z,5.0,,,,,,,C:/Windows/System32\samlib.dll,,,,,,,5.0,2025-08-14T21:48:58Z
System File Touched,file_monitor,2025-08-14T21:49:02Z,5.0,,,,,,,C:/Windows/System32\samlib.dll,,,,,,,5.0,2025-08-14T21:49:02Z
File Modified,file_monitor,2025-08-14T21:49:06Z,5.0,,,,,,,C:/Windows/System32\wlidprov.dll,,,,,,,5.0,2025-08-14T21:49:06Z
System File Touched,file_monitor,2025-08-14T21:49:10Z,5.0,,,,,,,C:/Windows/System32\wlidprov.dll,,,,,,,5.0,2025-08-14T21:49:10Z
File Modified,file_monitor,2025-08-14T21:49:14Z,5.0,,,,,,,C:/Windows/System32\windows.applicationmodel.datatransfer.dll,,,,,,,5.0,2025-08-14T21:49:14Z
System File Touched,file_monitor,2025-08-14T21:49:18Z,5.0,,,,,,,C:/Windows/System32\windows.applicationmodel.datatransfer.dll,,,,,,,5.0,2025-08-14T21:49:18Z
File Modified,file_monitor,2025-08-14T21:49:23Z,5.0,,,,,,,C:/Windows/System32\RTMediaFrame.dll,,,,,,,5.0,2025-08-14T21:49:23Z
System File Touched,file_monitor,2025-08-14T21:49:27Z,5.0,,,,,,,C:/Windows/System32\RTMediaFrame.dll,,,,,,,5.0,2025-08-14T21:49:27Z
File Modified,file_monitor,2025-08-14T21:49:31Z,5.0,,,,,,,C:/Windows/System32\MSWB7.dll,,,,,,,5.0,2025-08-14T21:49:31Z
System File Touched,file_monitor,2025-08-14T21:49:35Z,5.0,,,,,,,C:/Windows/System32\MSWB7.dll,,,,,,,5.0,2025-08-14T21:49:35Z
File Modified,file_monitor,2025-08-14T21:49:39Z,5.0,,,,,,,C:/Windows/System32\prm0009.dll,,,,,,,5.0,2025-08-14T21:49:39Z
System File Touched,file_monitor,2025-08-14T21:49:43Z,5.0,,,,,,,C:/Windows/System32\prm0009.dll,,,,,,,5.0,2025-08-14T21:49:43Z
File Modified,file_monitor,2025-08-14T21:49:47Z,5.0,,,,,,,C:/Windows/System32\FirewallControlPanel.dll,,,,,,,5.0,2025-08-14T21:49:47Z
System File Touched,file_monitor,2025-08-14T21:49:51Z,5.0,,,,,,,C:/Windows/System32\FirewallControlPanel.dll,,,,,,,5.0,2025-08-14T21:49:51Z
File Modified,file_monitor,2025-08-14T21:49:55Z,5.0,,,,,,,C:/Windows/System32\en-US\FirewallControlPanel.dll.mui,,,,,,,5.0,2025-08-14T21:49:55Z
System File Touched,file_monitor,2025-08-14T21:49:59Z,5.0,,,,,,,C:/Windows/System32\en-US\FirewallControlPanel.dll.mui,,,,,,,5.0,2025-08-14T21:49:59Z
File Modified,file_monitor,2025-08-14T21:50:03Z,5.0,,,,,,,C:/Windows/System32\WFSR.dll,,,,,,,5.0,2025-08-14T21:50:03Z
System File Touched,file_monitor,2025-08-14T21:50:08Z,5.0,,,,,,,C:/Windows/System32\WFSR.dll,,,,,,,5.0,2025-08-14T21:50:08Z
File Modified,file_monitor,2025-08-14T21:50:12Z,5.0,,,,,,,C:/Windows/System32\en-US\WFSR.dll.mui,,,,,,,5.0,2025-08-14T21:50:12Z
System File Touched,file_monitor,2025-08-14T21:50:16Z,5.0,,,,,,,C:/Windows/System32\en-US\WFSR.dll.mui,,,,,,,5.0,2025-08-14T21:50:16Z
File Modified,file_monitor,2025-08-14T21:50:20Z,5.0,,,,,,,C:/Windows/System32\WindowsPowerShell\v1.0\powershell_ise.exe,,,,,,,5.0,2025-08-14T21:50:20Z
System File Touched,file_monitor,2025-08-14T21:50:24Z,5.0,,,,,,,C:/Windows/System32\WindowsPowerShell\v1.0\powershell_ise.exe,,,,,,,5.0,2025-08-14T21:50:24Z
File Modified,file_monitor,2025-08-14T21:50:28Z,5.0,,,,,,,C:/Windows/System32\AppContracts.dll,,,,,,,5.0,2025-08-14T21:50:28Z
System File Touched,file_monitor,2025-08-14T21:50:32Z,5.0,,,,,,,C:/Windows/System32\AppContracts.dll,,,,,,,5.0,2025-08-14T21:50:32Z
File Modified,file_monitor,2025-08-14T21:50:36Z,5.0,,,,,,,C:/Windows/System32\TileDataRepository.dll,,,,,,,5.0,2025-08-14T21:50:36Z
System File Touched,file_monitor,2025-08-14T21:50:40Z,5.0,,,,,,,C:/Windows/System32\TileDataRepository.dll,,,,,,,5.0,2025-08-14T21:50:40Z
File Modified,file_monitor,2025-08-14T21:50:44Z,5.0,,,,,,,C:/Windows/System32\Microsoft-Windows-AppModelExecEvents.dll,,,,,,,5.0,2025-08-14T21:50:44Z
System File Touched,file_monitor,2025-08-14T21:50:48Z,5.0,,,,,,,C:/Windows/System32\Microsoft-Windows-AppModelExecEvents.dll,,,,,,,5.0,2025-08-14T21:50:48Z
File Modified,file_monitor,2025-08-14T21:50:53Z,5.0,,,,,,,C:/Windows/System32\imageres.dll,,,,,,,5.0,2025-08-14T21:50:53Z
System File Touched,file_monitor,2025-08-14T21:50:57Z,5.0,,,,,,,C:/Windows/System32\imageres.dll,,,,,,,5.0,2025-08-14T21:50:57Z
File Modified,file_monitor,2025-08-14T21:51:01Z,5.0,,,,,,,C:/Windows/System32\en-US\imageres.dll.mui,,,,,,,5.0,2025-08-14T21:51:01Z
System File Touched,file_monitor,2025-08-14T21:51:05Z,5.0,,,,,,,C:/Windows/System32\en-US\imageres.dll.mui,,,,,,,5.0,2025-08-14T21:51:05Z
File Modified,file_monitor,2025-08-14T21:51:09Z,5.0,,,,,,,C:/Windows/System32\ActivationClient.dll,,,,,,,5.0,2025-08-14T21:51:09Z
System File Touched,file_monitor,2025-08-14T21:51:13Z,5.0,,,,,,,C:/Windows/System32\ActivationClient.dll,,,,,,,5.0,2025-08-14T21:51:13Z
File Modified,file_monitor,2025-08-14T21:51:17Z,5.0,,,,,,,C:/Windows/System32\Windows.Security.Integrity.dll,,,,,,,5.0,2025-08-14T21:51:17Z
System File Touched,file_monitor,2025-08-14T21:51:21Z,5.0,,,,,,,C:/Windows/System32\Windows.Security.Integrity.dll,,,,,,,5.0,2025-08-14T21:51:21Z
File Modified,file_monitor,2025-08-14T21:51:25Z,5.0,,,,,,,C:/Windows/System32\Windows.StateRepositoryBroker.dll,,,,,,,5.0,2025-08-14T21:51:25Z
System File Touched,file_monitor,2025-08-14T21:51:29Z,5.0,,,,,,,C:/Windows/System32\Windows.StateRepositoryBroker.dll,,,,,,,5.0,2025-08-14T21:51:29Z
File Modified,file_monitor,2025-08-14T21:51:33Z,5.0,,,,,,,C:/Windows/System32\DriverStore\FileRepository\iigd_dch.inf_amd64_51f685305808e3a5\igdumdim64.dll,,,,,,,5.0,2025-08-14T21:51:33Z
System File Touched,file_monitor,2025-08-14T21:51:37Z,5.0,,,,,,,C:/Windows/System32\DriverStore\FileRepository\iigd_dch.inf_amd64_51f685305808e3a5\igdumdim64.dll,,,,,,,5.0,2025-08-14T21:51:37Z
File Modified,file_monitor,2025-08-14T21:51:42Z,5.0,,,,,,,C:/Windows/System32\rometadata.dll,,,,,,,5.0,2025-08-14T21:51:42Z
System File Touched,file_monitor,2025-08-14T21:51:46Z,5.0,,,,,,,C:/Windows/System32\rometadata.dll,,,,,,,5.0,2025-08-14T21:51:46Z
File Modified,file_monitor,2025-08-14T21:51:50Z,5.0,,,,,,,C:/Windows/System32\dxgi.dll,,,,,,,5.0,2025-08-14T21:51:50Z
System File Touched,file_monitor,2025-08-14T21:51:54Z,5.0,,,,,,,C:/Windows/System32\dxgi.dll,,,,,,,5.0,2025-08-14T21:51:54Z
File Modified,file_monitor,2025-08-14T21:51:58Z,5.0,,,,,,,C:/Windows/System32\directxdatabasehelper.dll,,,,,,,5.0,2025-08-14T21:51:58Z
System File Touched,file_monitor,2025-08-14T21:52:02Z,5.0,,,,,,,C:/Windows/System32\directxdatabasehelper.dll,,,,,,,5.0,2025-08-14T21:52:02Z
File Modified,file_monitor,2025-08-14T21:52:06Z,5.0,,,,,,,C:/Windows/System32\ResourcePolicyClient.dll,,,,,,,5.0,2025-08-14T21:52:06Z
System File Touched,file_monitor,2025-08-14T21:52:10Z,5.0,,,,,,,C:/Windows/System32\ResourcePolicyClient.dll,,,,,,,5.0,2025-08-14T21:52:10Z
File Modified,file_monitor,2025-08-14T21:52:14Z,5.0,,,,,,,C:/Windows/System32\DriverStore\FileRepository\nvcvi.inf_amd64_eac0e69528ef8aec\nvdlistx.dll,,,,,,,5.0,2025-08-14T21:52:14Z
System File Touched,file_monitor,2025-08-14T21:52:19Z,5.0,,,,,,,C:/Windows/System32\DriverStore\FileRepository\nvcvi.inf_amd64_eac0e69528ef8aec\nvdlistx.dll,,,,,,,5.0,2025-08-14T21:52:19Z
Autorun Entry Detected,autorun_monitor,2025-08-14T21:45:46Z,6.0,,,,,,,,,,,,,,6.0,2025-08-14T21:45:46Z
Autorun Entry Detected,autorun_monitor,2025-08-14T21:45:50Z,6.0,,,,,,,,,,,,,,6.0,2025-08-14T21:45:50Z
Autorun Entry Detected,autorun_monitor,2025-08-14T21:45:54Z,6.0,,,,,,,,,,,,,,6.0,2025-08-14T21:45:54Z
Autorun Entry Detected,autorun_monitor,2025-08-14T21:45:58Z,6.0,,,,,,,,,,,,,,6.0,2025-08-14T21:45:58Z
Autorun Entry Detected,autorun_monitor,2025-08-14T21:46:03Z,6.0,,,,,,,,,,,,,,6.0,2025-08-14T21:46:03Z
Autorun Entry Detected,autorun_monitor,2025-08-14T21:46:07Z,6.0,,,,,,,,,,,,,,6.0,2025-08-14T21:46:07Z
Autorun Entry Detected,autorun_monitor,2025-08-14T21:46:11Z,6.0,,,,,,,,,,,,,,6.0,2025-08-14T21:46:11Z
Autorun Entry Detected,autorun_monitor,2025-08-14T21:46:15Z,6.0,,,,,,,,,,,,,,6.0,2025-08-14T21:46:15Z
Autorun Entry Detected,autorun_monitor,2025-08-14T21:46:19Z,6.0,,,,,,,,,,,,,,6.0,2025-08-14T21:46:19Z
Autorun Entry Detected,autorun_monitor,2025-08-14T21:46:53Z,6.0,,,,,,,,,,,,,,6.0,2025-08-14T21:46:53Z
Autorun Entry Detected,autorun_monitor,2025-08-14T21:46:57Z,6.0,,,,,,,,,,,,,,6.0,2025-08-14T21:46:57Z
Autorun Entry Detected,autorun_monitor,2025-08-14T21:47:01Z,6.0,,,,,,,,,,,,,,6.0,2025-08-14T21:47:01Z
Autorun Entry Detected,autorun_monitor,2025-08-14T21:47:05Z,6.0,,,,,,,,,,,,,,6.0,2025-08-14T21:47:05Z
Autorun Entry Detected,autorun_monitor,2025-08-14T21:47:10Z,6.0,,,,,,,,,,,,,,6.0,2025-08-14T21:47:10Z
Autorun Entry Detected,autorun_monitor,2025-08-14T21:47:14Z,6.0,,,,,,,,,,,,,,6.0,2025-08-14T21:47:14Z
Autorun Entry Detected,autorun_monitor,2025-08-14T21:47:18Z,6.0,,,,,,,,,,,,,,6.0,2025-08-14T21:47:18Z
Autorun Entry Detected,autorun_monitor,2025-08-14T21:47:22Z,6.0,,,,,,,,,,,,,,6.0,2025-08-14T21:47:22Z
Autorun Entry Detected,autorun_monitor,2025-08-14T21:47:26Z,6.0,,,,,,,,,,,,,,6.0,2025-08-14T21:47:26Z
Autorun Entry Detected,autorun_monitor,2025-08-14T21:48:00Z,6.0,,,,,,,,,,,,,,6.0,2025-08-14T21:48:00Z
Autorun Entry Detected,autorun_monitor,2025-08-14T21:48:04Z,6.0,,,,,,,,,,,,,,6.0,2025-08-14T21:48:04Z
Autorun Entry Detected,autorun_monitor,2025-08-14T21:48:08Z,6.0,,,,,,,,,,,,,,6.0,2025-08-14T21:48:08Z
Autorun Entry Detected,autorun_monitor,2025-08-14T21:48:12Z,6.0,,,,,,,,,,,,,,6.0,2025-08-14T21:48:12Z
Autorun Entry Detected,autorun_monitor,2025-08-14T21:48:17Z,6.0,,,,,,,,,,,,,,6.0,2025-08-14T21:48:17Z
Autorun Entry Detected,autorun_monitor,2025-08-14T21:48:21Z,6.0,,,,,,,,,,,,,,6.0,2025-08-14T21:48:21Z
Autorun Entry Detected,autorun_monitor,2025-08-14T21:48:25Z,6.0,,,,,,,,,,,,,,6.0,2025-08-14T21:48:25Z
Autorun Entry Detected,autorun_monitor,2025-08-14T21:48:29Z,6.0,,,,,,,,,,,,,,6.0,2025-08-14T21:48:29Z
Autorun Entry Detected,autorun_monitor,2025-08-14T21:48:33Z,6.0,,,,,,,,,,,,,,6.0,2025-08-14T21:48:33Z
Autorun Entry Detected,autorun_monitor,2025-08-14T21:49:07Z,6.0,,,,,,,,,,,,,,6.0,2025-08-14T21:49:07Z
Autorun Entry Detected,autorun_monitor,2025-08-14T21:49:11Z,6.0,,,,,,,,,,,,,,6.0,2025-08-14T21:49:11Z
Autorun Entry Detected,autorun_monitor,2025-08-14T21:49:15Z,6.0,,,,,,,,,,,,,,6.0,2025-08-14T21:49:15Z
Autorun Entry Detected,autorun_monitor,2025-08-14T21:49:19Z,6.0,,,,,,,,,,,,,,6.0,2025-08-14T21:49:19Z
Autorun Entry Detected,autorun_monitor,2025-08-14T21:49:24Z,6.0,,,,,,,,,,,,,,6.0,2025-08-14T21:49:24Z
Autorun Entry Detected,autorun_monitor,2025-08-14T21:49:28Z,6.0,,,,,,,,,,,,,,6.0,2025-08-14T21:49:28Z
Autorun Entry Detected,autorun_monitor,2025-08-14T21:49:32Z,6.0,,,,,,,,,,,,,,6.0,2025-08-14T21:49:32Z
Autorun Entry Detected,autorun_monitor,2025-08-14T21:49:36Z,6.0,,,,,,,,,,,,,,6.0,2025-08-14T21:49:36Z
Autorun Entry Detected,autorun_monitor,2025-08-14T21:49:40Z,6.0,,,,,,,,,,,,,,6.0,2025-08-14T21:49:40Z
Autorun Entry Detected,autorun_monitor,2025-08-14T21:50:14Z,6.0,,,,,,,,,,,,,,6.0,2025-08-14T21:50:14Z
Autorun Entry Detected,autorun_monitor,2025-08-14T21:50:18Z,6.0,,,,,,,,,,,,,,6.0,2025-08-14T21:50:18Z
Autorun Entry Detected,autorun_monitor,2025-08-14T21:50:22Z,6.0,,,,,,,,,,,,,,6.0,2025-08-14T21:50:22Z
Autorun Entry Detected,autorun_monitor,2025-08-14T21:50:26Z,6.0,,,,,,,,,,,,,,6.0,2025-08-14T21:50:26Z
Autorun Entry Detected,autorun_monitor,2025-08-14T21:50:30Z,6.0,,,,,,,,,,,,,,6.0,2025-08-14T21:50:30Z
Autorun Entry Detected,autorun_monitor,2025-08-14T21:50:35Z,6.0,,,,,,,,,,,,,,6.0,2025-08-14T21:50:35Z
Autorun Entry Detected,autorun_monitor,2025-08-14T21:50:39Z,6.0,,,,,,,,,,,,,,6.0,2025-08-14T21:50:39Z
Autorun Entry Detected,autorun_monitor,2025-08-14T21:50:43Z,6.0,,,,,,,,,,,,,,6.0,2025-08-14T21:50:43Z
Autorun Entry Detected,autorun_monitor,2025-08-14T21:50:47Z,6.0,,,,,,,,,,,,,,6.0,2025-08-14T21:50:47Z
Autorun Entry Detected,autorun_monitor,2025-08-14T21:51:21Z,6.0,,,,,,,,,,,,,,6.0,2025-08-14T21:51:21Z
Autorun Entry Detected,autorun_monitor,2025-08-14T21:51:25Z,6.0,,,,,,,,,,,,,,6.0,2025-08-14T21:51:25Z
Autorun Entry Detected,autorun_monitor,2025-08-14T21:51:29Z,6.0,,,,,,,,,,,,,,6.0,2025-08-14T21:51:29Z
Autorun Entry Detected,autorun_monitor,2025-08-14T21:51:33Z,6.0,,,,,,,,,,,,,,6.0,2025-08-14T21:51:33Z
Autorun Entry Detected,autorun_monitor,2025-08-14T21:51:37Z,6.0,,,,,,,,,,,,,,6.0,2025-08-14T21:51:37Z
Autorun Entry Detected,autorun_monitor,2025-08-14T21:51:41Z,6.0,,,,,,,,,,,,,,6.0,2025-08-14T21:51:41Z
Autorun Entry Detected,autorun_monitor,2025-08-14T21:51:46Z,6.0,,,,,,,,,,,,,,6.0,2025-08-14T21:51:46Z
Autorun Entry Detected,autorun_monitor,2025-08-14T21:51:50Z,6.0,,,,,,,,,,,,,,6.0,2025-08-14T21:51:50Z
Autorun Entry Detected,autorun_monitor,2025-08-14T21:51:54Z,6.0,,,,,,,,,,,,,,6.0,2025-08-14T21:51:54Z
Network Connection,network_monitor,2025-08-14T21:45:47Z,4.0,,,,,,,,,,197.186.4.32,32-4-186-197.r.airtel.co.tz,,,4.0,2025-08-14T21:45:47Z
Suspicious Network,network_monitor,2025-08-14T21:45:51Z,7.0,,,,,,,,,,197.186.4.32,32-4-186-197.r.airtel.co.tz,,,7.0,2025-08-14T21:45:51Z
Network Connection,network_monitor,2025-08-14T21:45:55Z,4.0,,,,,,,,,,141.95.53.64,vps-6d1f4b3d.vps.ovh.net,,,4.0,2025-08-14T21:45:55Z
Suspicious Network,network_monitor,2025-08-14T21:45:59Z,7.0,,,,,,,,,,141.95.53.64,vps-6d1f4b3d.vps.ovh.net,,,7.0,2025-08-14T21:45:59Z
Network Connection,network_monitor,2025-08-14T21:46:04Z,4.0,,,,,,,,,,127.0.0.1,kubernetes.docker.internal,,,4.0,2025-08-14T21:46:04Z
Suspicious Network,network_monitor,2025-08-14T21:46:08Z,7.0,,,,,,,,,,127.0.0.1,kubernetes.docker.internal,,,7.0,2025-08-14T21:46:08Z
Network Connection,network_monitor,2025-08-14T21:46:12Z,4.0,,,,,,,,,,122.170.81.239,abts-mum-dynamic-239.81.170.122.airtelbroadband.in,,,4.0,2025-08-14T21:46:12Z
Suspicious Network,network_monitor,2025-08-14T21:46:16Z,7.0,,,,,,,,,,122.170.81.239,abts-mum-dynamic-239.81.170.122.airtelbroadband.in,,,7.0,2025-08-14T21:46:16Z
Network Connection,network_monitor,2025-08-14T21:46:25Z,4.0,,,,,,,,,,155.133.225.21,Unknown,,,4.0,2025-08-14T21:46:25Z
Suspicious Network,network_monitor,2025-08-14T21:46:29Z,7.0,,,,,,,,,,155.133.225.21,Unknown,,,7.0,2025-08-14T21:46:29Z
Network Connection,network_monitor,2025-08-14T21:46:35Z,4.0,,,,,,,,,,2401,Unknown,,,4.0,2025-08-14T21:46:35Z
Suspicious Network,network_monitor,2025-08-14T21:46:39Z,7.0,,,,,,,,,,2401,Unknown,,,7.0,2025-08-14T21:46:39Z
Network Connection,network_monitor,2025-08-14T21:46:43Z,4.0,,,,,,,,,,127.0.0.1,kubernetes.docker.internal,,,4.0,2025-08-14T21:46:43Z
Suspicious Network,network_monitor,2025-08-14T21:46:48Z,7.0,,,,,,,,,,127.0.0.1,kubernetes.docker.internal,,,7.0,2025-08-14T21:46:48Z
Network Connection,network_monitor,2025-08-14T21:46:52Z,4.0,,,,,,,,,,127.0.0.1,kubernetes.docker.internal,,,4.0,2025-08-14T21:46:52Z
Suspicious Network,network_monitor,2025-08-14T21:46:56Z,7.0,,,,,,,,,,127.0.0.1,kubernetes.docker.internal,,,7.0,2025-08-14T21:46:56Z
Network Connection,network_monitor,2025-08-14T21:47:00Z,4.0,,,,,,,,,,127.0.0.1,kubernetes.docker.internal,,,4.0,2025-08-14T21:47:00Z
Suspicious Network,network_monitor,2025-08-14T21:47:04Z,7.0,,,,,,,,,,127.0.0.1,kubernetes.docker.internal,,,7.0,2025-08-14T21:47:04Z
Network Connection,network_monitor,2025-08-14T21:47:08Z,4.0,,,,,,,,,,127.0.0.1,kubernetes.docker.internal,,,4.0,2025-08-14T21:47:08Z
Suspicious Network,network_monitor,2025-08-14T21:47:12Z,7.0,,,,,,,,,,127.0.0.1,kubernetes.docker.internal,,,7.0,2025-08-14T21:47:12Z
Network Connection,network_monitor,2025-08-14T21:47:16Z,4.0,,,,,,,,,,127.0.0.1,kubernetes.docker.internal,,,4.0,2025-08-14T21:47:16Z
Suspicious Network,network_monitor,2025-08-14T21:47:20Z,7.0,,,,,,,,,,127.0.0.1,kubernetes.docker.internal,,,7.0,2025-08-14T21:47:20Z
Network Connection,network_monitor,2025-08-14T21:47:30Z,4.0,,,,,,,,,,137.59.221.168,Unknown,,,4.0,2025-08-14T21:47:30Z
Suspicious Network,network_monitor,2025-08-14T21:47:34Z,7.0,,,,,,,,,,137.59.221.168,Unknown,,,7.0,2025-08-14T21:47:34Z
Network Connection,network_monitor,2025-08-14T21:47:44Z,4.0,,,,,,,,,,27.34.65.133,Unknown,,,4.0,2025-08-14T21:47:44Z
Suspicious Network,network_monitor,2025-08-14T21:47:48Z,7.0,,,,,,,,,,27.34.65.133,Unknown,,,7.0,2025-08-14T21:47:48Z
Network Connection,network_monitor,2025-08-14T21:47:52Z,4.0,,,,,,,,,,127.0.0.1,kubernetes.docker.internal,,,4.0,2025-08-14T21:47:52Z
Suspicious Network,network_monitor,2025-08-14T21:47:56Z,7.0,,,,,,,,,,127.0.0.1,kubernetes.docker.internal,,,7.0,2025-08-14T21:47:56Z
Network Connection,network_monitor,2025-08-14T21:48:00Z,4.0,,,,,,,,,,115.96.219.212,219.96.115.212.hathway.com,,,4.0,2025-08-14T21:48:00Z
Suspicious Network,network_monitor,2025-08-14T21:48:04Z,7.0,,,,,,,,,,115.96.219.212,219.96.115.212.hathway.com,,,7.0,2025-08-14T21:48:04Z
Network Connection,network_monitor,2025-08-14T21:48:08Z,4.0,,,,,,,,,,127.0.0.1,kubernetes.docker.internal,,,4.0,2025-08-14T21:48:08Z
Suspicious Network,network_monitor,2025-08-14T21:48:13Z,7.0,,,,,,,,,,127.0.0.1,kubernetes.docker.internal,,,7.0,2025-08-14T21:48:13Z
Network Connection,network_monitor,2025-08-14T21:48:17Z,4.0,,,,,,,,,,103.115.198.44,44.198.zcomnetworks.com.pk,,,4.0,2025-08-14T21:48:17Z
Suspicious Network,network_monitor,2025-08-14T21:48:21Z,7.0,,,,,,,,,,103.115.198.44,44.198.zcomnetworks.com.pk,,,7.0,2025-08-14T21:48:21Z
Network Connection,network_monitor,2025-08-14T21:48:31Z,4.0,,,,,,,,,,206.84.143.113,Unknown,,,4.0,2025-08-14T21:48:31Z
Suspicious Network,network_monitor,2025-08-14T21:48:35Z,7.0,,,,,,,,,,206.84.143.113,Unknown,,,7.0,2025-08-14T21:48:35Z
Network Connection,network_monitor,2025-08-14T21:48:40Z,4.0,,,,,,,,,,127.0.0.1,kubernetes.docker.internal,,,4.0,2025-08-14T21:48:40Z
Suspicious Network,network_monitor,2025-08-14T21:48:44Z,7.0,,,,,,,,,,127.0.0.1,kubernetes.docker.internal,,,7.0,2025-08-14T21:48:44Z
Network Connection,network_monitor,2025-08-14T21:48:53Z,4.0,,,,,,,,,,103.186.57.51,Unknown,,,4.0,2025-08-14T21:48:53Z
Suspicious Network,network_monitor,2025-08-14T21:48:57Z,7.0,,,,,,,,,,103.186.57.51,Unknown,,,7.0,2025-08-14T21:48:57Z
Network Connection,network_monitor,2025-08-14T21:49:02Z,4.0,,,,,,,,,,2603,Unknown,,,4.0,2025-08-14T21:49:02Z
Suspicious Network,network_monitor,2025-08-14T21:49:07Z,7.0,,,,,,,,,,2603,Unknown,,,7.0,2025-08-14T21:49:07Z
Network Connection,network_monitor,2025-08-14T21:49:16Z,4.0,,,,,,,,,,10.7.41.87,DESKTOP-MBP29E1,,,4.0,2025-08-14T21:49:16Z
Suspicious Network,network_monitor,2025-08-14T21:49:20Z,7.0,,,,,,,,,,10.7.41.87,DESKTOP-MBP29E1,,,7.0,2025-08-14T21:49:20Z
Network Connection,network_monitor,2025-08-14T21:49:24Z,4.0,,,,,,,,,,127.0.0.1,kubernetes.docker.internal,,,4.0,2025-08-14T21:49:24Z
Suspicious Network,network_monitor,2025-08-14T21:49:28Z,7.0,,,,,,,,,,127.0.0.1,kubernetes.docker.internal,,,7.0,2025-08-14T21:49:28Z
Network Connection,network_monitor,2025-08-14T21:49:32Z,4.0,,,,,,,,,,45.248.148.254,254.148.248.45.dotinternetbd.com,,,4.0,2025-08-14T21:49:32Z
Suspicious Network,network_monitor,2025-08-14T21:49:36Z,7.0,,,,,,,,,,45.248.148.254,254.148.248.45.dotinternetbd.com,,,7.0,2025-08-14T21:49:36Z
Network Connection,network_monitor,2025-08-14T21:49:40Z,4.0,,,,,,,,,,127.0.0.1,kubernetes.docker.internal,,,4.0,2025-08-14T21:49:40Z
Suspicious Network,network_monitor,2025-08-14T21:49:44Z,7.0,,,,,,,,,,127.0.0.1,kubernetes.docker.internal,,,7.0,2025-08-14T21:49:44Z
Network Connection,network_monitor,2025-08-14T21:49:49Z,4.0,,,,,,,,,,127.0.0.1,kubernetes.docker.internal,,,4.0,2025-08-14T21:49:49Z
Suspicious Network,network_monitor,2025-08-14T21:49:53Z,7.0,,,,,,,,,,127.0.0.1,kubernetes.docker.internal,,,7.0,2025-08-14T21:49:53Z
Network Connection,network_monitor,2025-08-14T21:50:02Z,4.0,,,,,,,,,,103.84.57.47,Unknown,,,4.0,2025-08-14T21:50:02Z
Suspicious Network,network_monitor,2025-08-14T21:50:06Z,7.0,,,,,,,,,,103.84.57.47,Unknown,,,7.0,2025-08-14T21:50:06Z
Network Connection,network_monitor,2025-08-14T21:50:10Z,4.0,,,,,,,,,,127.0.0.1,kubernetes.docker.internal,,,4.0,2025-08-14T21:50:10Z
Suspicious Network,network_monitor,2025-08-14T21:50:14Z,7.0,,,,,,,,,,127.0.0.1,kubernetes.docker.internal,,,7.0,2025-08-14T21:50:14Z
Network Connection,network_monitor,2025-08-14T21:50:23Z,4.0,,,,,,,,,,92.62.121.212,Unknown,,,4.0,2025-08-14T21:50:23Z
Suspicious Network,network_monitor,2025-08-14T21:50:28Z,7.0,,,,,,,,,,92.62.121.212,Unknown,,,7.0,2025-08-14T21:50:28Z
Network Connection,network_monitor,2025-08-14T21:50:32Z,4.0,,,,,,,,,,127.0.0.1,kubernetes.docker.internal,,,4.0,2025-08-14T21:50:32Z
Suspicious Network,network_monitor,2025-08-14T21:50:36Z,7.0,,,,,,,,,,127.0.0.1,kubernetes.docker.internal,,,7.0,2025-08-14T21:50:36Z
Network Connection,network_monitor,2025-08-14T21:50:45Z,4.0,,,,,,,,,,106.79.196.245,Unknown,,,4.0,2025-08-14T21:50:45Z
Suspicious Network,network_monitor,2025-08-14T21:50:49Z,7.0,,,,,,,,,,106.79.196.245,Unknown,,,7.0,2025-08-14T21:50:49Z
Network Connection,network_monitor,2025-08-14T21:50:59Z,4.0,,,,,,,,,,36.250.241.151,Unknown,,,4.0,2025-08-14T21:50:59Z
Suspicious Network,network_monitor,2025-08-14T21:51:03Z,7.0,,,,,,,,,,36.250.241.151,Unknown,,,7.0,2025-08-14T21:51:03Z
Network Connection,network_monitor,2025-08-14T21:51:12Z,4.0,,,,,,,,,,10.7.41.54,Unknown,,,4.0,2025-08-14T21:51:12Z
Suspicious Network,network_monitor,2025-08-14T21:51:16Z,7.0,,,,,,,,,,10.7.41.54,Unknown,,,7.0,2025-08-14T21:51:16Z
Network Connection,network_monitor,2025-08-14T21:51:20Z,4.0,,,,,,,,,,45.248.148.252,252.148.248.45.dotinternetbd.com,,,4.0,2025-08-14T21:51:20Z
Suspicious Network,network_monitor,2025-08-14T21:51:25Z,7.0,,,,,,,,,,45.248.148.252,252.148.248.45.dotinternetbd.com,,,7.0,2025-08-14T21:51:25Z
Network Connection,network_monitor,2025-08-14T21:51:29Z,4.0,,,,,,,,,,127.0.0.1,kubernetes.docker.internal,,,4.0,2025-08-14T21:51:29Z
Suspicious Network,network_monitor,2025-08-14T21:51:33Z,7.0,,,,,,,,,,127.0.0.1,kubernetes.docker.internal,,,7.0,2025-08-14T21:51:33Z
Network Connection,network_monitor,2025-08-14T21:51:42Z,4.0,,,,,,,,,,106.195.7.138,Unknown,,,4.0,2025-08-14T21:51:42Z
Suspicious Network,network_monitor,2025-08-14T21:51:46Z,7.0,,,,,,,,,,106.195.7.138,Unknown,,,7.0,2025-08-14T21:51:46Z
Network Connection,network_monitor,2025-08-14T21:51:55Z,4.0,,,,,,,,,,2409,Unknown,,,4.0,2025-08-14T21:51:55Z
Suspicious Network,network_monitor,2025-08-14T21:51:59Z,7.0,,,,,,,,,,2409,Unknown,,,7.0,2025-08-14T21:51:59Z
Network Connection,network_monitor,2025-08-14T21:52:08Z,4.0,,,,,,,,,,161.142.152.150,Unknown,,,4.0,2025-08-14T21:52:08Z
Suspicious Network,network_monitor,2025-08-14T21:52:12Z,7.0,,,,,,,,,,161.142.152.150,Unknown,,,7.0,2025-08-14T21:52:12Z
Network Connection,network_monitor,2025-08-14T21:52:16Z,4.0,,,,,,,,,,34.107.243.93,93.243.107.34.bc.googleusercontent.com,,,4.0,2025-08-14T21:52:16Z
Suspicious Network,network_monitor,2025-08-14T21:52:20Z,7.0,,,,,,,,,,34.107.243.93,93.243.107.34.bc.googleusercontent.com,,,7.0,2025-08-14T21:52:20Z
USB Inserted,usb_monitor,2025-07-13T22:22:49Z,,,,,,,,,,,,,,,,2025-07-13T22:22:49Z
USB Removed,usb_monitor,2025-07-13T22:23:11Z,,,,,,,,,,,,,,,,2025-07-13T22:23:11Z
Untrusted Process Tree,process_tree,2025-07-31T22:18:59Z,,,,,,,,,,,,,,,,2025-07-31T22:18:59Z
Untrusted Process Tree,process_tree,2025-07-31T22:19:01Z,,,,,,,,,,,,,,,,2025-07-31T22:19:01Z
Untrusted Process Tree,process_tree,2025-07-31T22:19:03Z,,,,,,,,,,,,,,,,2025-07-31T22:19:03Z
Untrusted Process Tree,process_tree,2025-07-31T22:19:05Z,,,,,,,,,,,,,,,,2025-07-31T22:19:05Z
Untrusted Process Tree,process_tree,2025-07-31T22:19:07Z,,,,,,,,,,,,,,,,2025-07-31T22:19:07Z
Untrusted Process Tree,process_tree,2025-07-31T22:19:09Z,,,,,,,,,,,,,,,,2025-07-31T22:19:09Z
Untrusted Process Tree,process_tree,2025-07-31T22:19:11Z,,,,,,,,,,,,,,,,2025-07-31T22:19:11Z
Untrusted Process Tree,process_tree,2025-07-31T22:19:13Z,,,,,,,,,,,,,,,,2025-07-31T22:19:13Z
Untrusted Process Tree,process_tree,2025-07-31T22:19:15Z,,,,,,,,,,,,,,,,2025-07-31T22:19:15Z
Untrusted Process Tree,process_tree,2025-07-31T22:19:17Z,,,,,,,,,,,,,,,,2025-07-31T22:19:17Z
Untrusted Process Tree,process_tree,2025-07-31T22:19:20Z,,,,,,,,,,,,,,,,2025-07-31T22:19:20Z
Untrusted Process Tree,process_tree,2025-07-31T22:19:22Z,,,,,,,,,,,,,,,,2025-07-31T22:19:22Z
Untrusted Process Tree,process_tree,2025-07-31T22:19:24Z,,,,,,,,,,,,,,,,2025-07-31T22:19:24Z
Untrusted Process Tree,process_tree,2025-07-31T22:19:26Z,,,,,,,,,,,,,,,,2025-07-31T22:19:26Z
Untrusted Process Tree,process_tree,2025-07-31T22:19:28Z,,,,,,,,,,,,,,,,2025-07-31T22:19:28Z
Untrusted Process Tree,process_tree,2025-07-31T22:19:30Z,,,,,,,,,,,,,,,,2025-07-31T22:19:30Z
Untrusted Process Tree,process_tree,2025-07-31T22:19:32Z,,,,,,,,,,,,,,,,2025-07-31T22:19:32Z
Untrusted Process Tree,process_tree,2025-07-31T22:19:34Z,,,,,,,,,,,,,,,,2025-07-31T22:19:34Z
Untrusted Process Tree,process_tree,2025-07-31T22:19:36Z,,,,,,,,,,,,,,,,2025-07-31T22:19:36Z
Untrusted Process Tree,process_tree,2025-07-31T22:19:38Z,,,,,,,,,,,,,,,,2025-07-31T22:19:38Z
Untrusted Process Tree,process_tree,2025-07-31T22:19:40Z,,,,,,,,,,,,,,,,2025-07-31T22:19:40Z
Untrusted Process Tree,process_tree,2025-07-31T22:19:43Z,,,,,,,,,,,,,,,,2025-07-31T22:19:43Z
Untrusted Process Tree,process_tree,2025-07-31T22:19:45Z,,,,,,,,,,,,,,,,2025-07-31T22:19:45Z
Untrusted Process Tree,process_tree,2025-07-31T22:19:47Z,,,,,,,,,,,,,,,,2025-07-31T22:19:47Z
Untrusted Process Tree,process_tree,2025-07-31T22:19:49Z,,,,,,,,,,,,,,,,2025-07-31T22:19:49Z
Untrusted Process Tree,process_tree,2025-07-31T22:19:51Z,,,,,,,,,,,,,,,,2025-07-31T22:19:51Z
Untrusted Process Tree,process_tree,2025-07-31T22:19:53Z,,,,,,,,,,,,,,,,2025-07-31T22:19:53Z
Untrusted Process Tree,process_tree,2025-07-31T22:19:55Z,,,,,,,,,,,,,,,,2025-07-31T22:19:55Z
Untrusted Process Tree,process_tree,2025-07-31T22:19:57Z,,,,,,,,,,,,,,,,2025-07-31T22:19:57Z
Untrusted Process Tree,process_tree,2025-07-31T22:19:59Z,,,,,,,,,,,,,,,,2025-07-31T22:19:59Z
Untrusted Process Tree,process_tree,2025-07-31T22:20:01Z,,,,,,,,,,,,,,,,2025-07-31T22:20:01Z
Untrusted Process Tree,process_tree,2025-07-31T22:20:04Z,,,,,,,,,,,,,,,,2025-07-31T22:20:04Z
Untrusted Process Tree,process_tree,2025-07-31T22:20:06Z,,,,,,,,,,,,,,,,2025-07-31T22:20:06Z
Untrusted Process Tree,process_tree,2025-07-31T22:20:08Z,,,,,,,,,,,,,,,,2025-07-31T22:20:08Z
Untrusted Process Tree,process_tree,2025-07-31T22:20:10Z,,,,,,,,,,,,,,,,2025-07-31T22:20:10Z
Untrusted Process Tree,process_tree,2025-07-31T22:20:12Z,,,,,,,,,,,,,,,,2025-07-31T22:20:12Z
Untrusted Process Tree,process_tree,2025-07-31T22:20:14Z,,,,,,,,,,,,,,,,2025-07-31T22:20:14Z
Untrusted Process Tree,process_tree,2025-08-02T17:46:40Z,,,,,,,,,,,,,,,,2025-08-02T17:46:40Z
Untrusted Process Tree,process_tree,2025-08-02T17:46:42Z,,,,,,,,,,,,,,,,2025-08-02T17:46:42Z
Untrusted Process Tree,process_tree,2025-08-02T17:46:44Z,,,,,,,,,,,,,,,,2025-08-02T17:46:44Z
Untrusted Process Tree,process_tree,2025-08-02T17:46:46Z,,,,,,,,,,,,,,,,2025-08-02T17:46:46Z
Untrusted Process Tree,process_tree,2025-08-02T17:46:48Z,,,,,,,,,,,,,,,,2025-08-02T17:46:48Z
Untrusted Process Tree,process_tree,2025-08-02T17:46:50Z,,,,,,,,,,,,,,,,2025-08-02T17:46:50Z
Untrusted Process Tree,process_tree,2025-08-02T17:46:52Z,,,,,,,,,,,,,,,,2025-08-02T17:46:52Z
Untrusted Process Tree,process_tree,2025-08-02T17:46:54Z,,,,,,,,,,,,,,,,2025-08-02T17:46:54Z
Untrusted Process Tree,process_tree,2025-08-02T17:46:56Z,,,,,,,,,,,,,,,,2025-08-02T17:46:56Z
Untrusted Process Tree,process_tree,2025-08-02T17:46:59Z,,,,,,,,,,,,,,,,2025-08-02T17:46:59Z
Untrusted Process Tree,process_tree,2025-08-02T17:47:01Z,,,,,,,,,,,,,,,,2025-08-02T17:47:01Z
Untrusted Process Tree,process_tree,2025-08-02T17:47:03Z,,,,,,,,,,,,,,,,2025-08-02T17:47:03Z
Untrusted Process Tree,process_tree,2025-08-02T17:47:05Z,,,,,,,,,,,,,,,,2025-08-02T17:47:05Z
Untrusted Process Tree,process_tree,2025-08-02T17:47:07Z,,,,,,,,,,,,,,,,2025-08-02T17:47:07Z
Untrusted Process Tree,process_tree,2025-08-02T17:47:09Z,,,,,,,,,,,,,,,,2025-08-02T17:47:09Z
Untrusted Process Tree,process_tree,2025-08-02T17:47:11Z,,,,,,,,,,,,,,,,2025-08-02T17:47:11Z
Untrusted Process Tree,process_tree,2025-08-02T17:47:13Z,,,,,,,,,,,,,,,,2025-08-02T17:47:13Z
Untrusted Process Tree,process_tree,2025-08-02T17:47:15Z,,,,,,,,,,,,,,,,2025-08-02T17:47:15Z
Untrusted Process Tree,process_tree,2025-08-02T17:47:17Z,,,,,,,,,,,,,,,,2025-08-02T17:47:17Z
Untrusted Process Tree,process_tree,2025-08-02T17:47:19Z,,,,,,,,,,,,,,,,2025-08-02T17:47:19Z
Untrusted Process Tree,process_tree,2025-08-02T17:47:21Z,,,,,,,,,,,,,,,,2025-08-02T17:47:21Z
Untrusted Process Tree,process_tree,2025-08-02T17:47:23Z,,,,,,,,,,,,,,,,2025-08-02T17:47:23Z
Untrusted Process Tree,process_tree,2025-08-02T17:47:26Z,,,,,,,,,,,,,,,,2025-08-02T17:47:26Z
Untrusted Process Tree,process_tree,2025-08-02T17:47:28Z,,,,,,,,,,,,,,,,2025-08-02T17:47:28Z
Untrusted Process Tree,process_tree,2025-08-02T17:47:30Z,,,,,,,,,,,,,,,,2025-08-02T17:47:30Z
Untrusted Process Tree,process_tree,2025-08-02T17:47:32Z,,,,,,,,,,,,,,,,2025-08-02T17:47:32Z
Untrusted Process Tree,process_tree,2025-08-02T17:47:34Z,,,,,,,,,,,,,,,,2025-08-02T17:47:34Z
Untrusted Process Tree,process_tree,2025-08-02T17:47:36Z,,,,,,,,,,,,,,,,2025-08-02T17:47:36Z
Untrusted Process Tree,process_tree,2025-08-02T17:47:38Z,,,,,,,,,,,,,,,,2025-08-02T17:47:38Z
Untrusted Process Tree,process_tree,2025-08-02T17:47:40Z,,,,,,,,,,,,,,,,2025-08-02T17:47:40Z
Untrusted Process Tree,process_tree,2025-08-02T17:47:42Z,,,,,,,,,,,,,,,,2025-08-02T17:47:42Z
Untrusted Process Tree,process_tree,2025-08-02T17:47:44Z,,,,,,,,,,,,,,,,2025-08-02T17:47:44Z
Untrusted Process Tree,process_tree,2025-08-02T17:47:46Z,,,,,,,,,,,,,,,,2025-08-02T17:47:46Z
Untrusted Process Tree,process_tree,2025-08-02T17:47:48Z,,,,,,,,,,,,,,,,2025-08-02T17:47:48Z
Untrusted Process Tree,process_tree,2025-08-02T17:47:50Z,,,,,,,,,,,,,,,,2025-08-02T17:47:50Z
Untrusted Process Tree,process_tree,2025-08-02T17:47:52Z,,,,,,,,,,,,,,,,2025-08-02T17:47:52Z
Untrusted Process Tree,process_tree,2025-08-02T17:47:55Z,,,,,,,,,,,,,,,,2025-08-02T17:47:55Z
Untrusted Process Tree,process_tree,2025-08-02T17:47:57Z,,,,,,,,,,,,,,,,2025-08-02T17:47:57Z
Untrusted Process Tree,process_tree,2025-08-02T17:47:59Z,,,,,,,,,,,,,,,,2025-08-02T17:47:59Z
Untrusted Process Tree,process_tree,2025-08-02T17:48:01Z,,,,,,,,,,,,,,,,2025-08-02T17:48:01Z
Untrusted Process Tree,process_tree,2025-08-02T17:48:03Z,,,,,,,,,,,,,,,,2025-08-02T17:48:03Z
Untrusted Process Tree,process_tree,2025-08-02T17:48:05Z,,,,,,,,,,,,,,,,2025-08-02T17:48:05Z
Untrusted Process Tree,process_tree,2025-08-02T17:48:07Z,,,,,,,,,,,,,,,,2025-08-02T17:48:07Z
Untrusted Process Tree,process_tree,2025-08-02T17:48:09Z,,,,,,,,,,,,,,,,2025-08-02T17:48:09Z
Untrusted Process Tree,process_tree,2025-08-02T17:48:11Z,,,,,,,,,,,,,,,,2025-08-02T17:48:11Z
Untrusted Process Tree,process_tree,2025-08-02T17:48:13Z,,,,,,,,,,,,,,,,2025-08-02T17:48:13Z
Untrusted Process Tree,process_tree,2025-08-02T17:48:15Z,,,,,,,,,,,,,,,,2025-08-02T17:48:15Z
Untrusted Process Tree,process_tree,2025-08-02T17:48:17Z,,,,,,,,,,,,,,,,2025-08-02T17:48:17Z
Untrusted Process Tree,process_tree,2025-08-02T17:48:19Z,,,,,,,,,,,,,,,,2025-08-02T17:48:19Z
Untrusted Process Tree,process_tree,2025-08-02T17:48:21Z,,,,,,,,,,,,,,,,2025-08-02T17:48:21Z
Untrusted Process Tree,process_tree,2025-08-02T17:48:24Z,,,,,,,,,,,,,,,,2025-08-02T17:48:24Z
Untrusted Process Tree,process_tree,2025-08-02T17:48:26Z,,,,,,,,,,,,,,,,2025-08-02T17:48:26Z
Untrusted Process Tree,process_tree,2025-08-02T17:48:28Z,,,,,,,,,,,,,,,,2025-08-02T17:48:28Z
Untrusted Process Tree,process_tree,2025-08-02T17:48:30Z,,,,,,,,,,,,,,,,2025-08-02T17:48:30Z
Untrusted Process Tree,process_tree,2025-08-02T17:48:32Z,,,,,,,,,,,,,,,,2025-08-02T17:48:32Z
Untrusted Process Tree,process_tree,2025-08-02T17:48:34Z,,,,,,,,,,,,,,,,2025-08-02T17:48:34Z
Untrusted Process Tree,process_tree,2025-08-02T17:48:36Z,,,,,,,,,,,,,,,,2025-08-02T17:48:36Z
Untrusted Process Tree,process_tree,2025-08-02T17:48:38Z,,,,,,,,,,,,,,,,2025-08-02T17:48:38Z
Untrusted Process Tree,process_tree,2025-08-02T17:48:40Z,,,,,,,,,,,,,,,,2025-08-02T17:48:40Z
Untrusted Process Tree,process_tree,2025-08-02T17:48:42Z,,,,,,,,,,,,,,,,2025-08-02T17:48:42Z
Untrusted Process Tree,process_tree,2025-08-02T17:48:44Z,,,,,,,,,,,,,,,,2025-08-02T17:48:44Z
Untrusted Process Tree,process_tree,2025-08-02T17:48:46Z,,,,,,,,,,,,,,,,2025-08-02T17:48:46Z
Untrusted Process Tree,process_tree,2025-08-02T17:48:48Z,,,,,,,,,,,,,,,,2025-08-02T17:48:48Z
Untrusted Process Tree,process_tree,2025-08-02T17:48:51Z,,,,,,,,,,,,,,,,2025-08-02T17:48:51Z
Untrusted Process Tree,process_tree,2025-08-02T17:48:53Z,,,,,,,,,,,,,,,,2025-08-02T17:48:53Z
Untrusted Process Tree,process_tree,2025-08-02T17:48:55Z,,,,,,,,,,,,,,,,2025-08-02T17:48:55Z
Untrusted Process Tree,process_tree,2025-08-02T17:48:57Z,,,,,,,,,,,,,,,,2025-08-02T17:48:57Z
Untrusted Process Tree,process_tree,2025-08-02T17:48:59Z,,,,,,,,,,,,,,,,2025-08-02T17:48:59Z
Untrusted Process Tree,process_tree,2025-08-02T17:49:01Z,,,,,,,,,,,,,,,,2025-08-02T17:49:01Z
Untrusted Process Tree,process_tree,2025-08-02T17:49:03Z,,,,,,,,,,,,,,,,2025-08-02T17:49:03Z
Untrusted Process Tree,process_tree,2025-08-02T17:49:05Z,,,,,,,,,,,,,,,,2025-08-02T17:49:05Z
Untrusted Process Tree,process_tree,2025-08-02T17:49:07Z,,,,,,,,,,,,,,,,2025-08-02T17:49:07Z
Untrusted Process Tree,process_tree,2025-08-02T17:49:09Z,,,,,,,,,,,,,,,,2025-08-02T17:49:09Z
Untrusted Process Tree,process_tree,2025-08-02T17:49:11Z,,,,,,,,,,,,,,,,2025-08-02T17:49:11Z
Untrusted Process Tree,process_tree,2025-08-02T17:49:13Z,,,,,,,,,,,,,,,,2025-08-02T17:49:13Z
Untrusted Process Tree,process_tree,2025-08-02T17:49:16Z,,,,,,,,,,,,,,,,2025-08-02T17:49:16Z
Untrusted Process Tree,process_tree,2025-08-02T17:49:18Z,,,,,,,,,,,,,,,,2025-08-02T17:49:18Z
Untrusted Process Tree,process_tree,2025-08-02T17:49:20Z,,,,,,,,,,,,,,,,2025-08-02T17:49:20Z
Untrusted Process Tree,process_tree,2025-08-02T17:49:22Z,,,,,,,,,,,,,,,,2025-08-02T17:49:22Z
Untrusted Process Tree,process_tree,2025-08-02T17:49:24Z,,,,,,,,,,,,,,,,2025-08-02T17:49:24Z
Untrusted Process Tree,process_tree,2025-08-02T17:49:26Z,,,,,,,,,,,,,,,,2025-08-02T17:49:26Z
Untrusted Process Tree,process_tree,2025-08-02T17:49:28Z,,,,,,,,,,,,,,,,2025-08-02T17:49:28Z
Untrusted Process Tree,process_tree,2025-08-02T17:49:30Z,,,,,,,,,,,,,,,,2025-08-02T17:49:30Z
Untrusted Process Tree,process_tree,2025-08-02T17:49:32Z,,,,,,,,,,,,,,,,2025-08-02T17:49:32Z
Untrusted Process Tree,process_tree,2025-08-02T17:49:34Z,,,,,,,,,,,,,,,,2025-08-02T17:49:34Z
Untrusted Process Tree,process_tree,2025-08-02T17:49:36Z,,,,,,,,,,,,,,,,2025-08-02T17:49:36Z
Untrusted Process Tree,process_tree,2025-08-14T21:45:46Z,7.0,,,,,,,,,,,,,,7.0,2025-08-14T21:45:46Z
Untrusted Process Tree,process_tree,2025-08-14T21:45:50Z,7.0,,,,,,,,,,,,,,7.0,2025-08-14T21:45:50Z
Untrusted Process Tree,process_tree,2025-08-14T21:45:54Z,7.0,,,,,,,,,,,,,,7.0,2025-08-14T21:45:54Z
Untrusted Process Tree,process_tree,2025-08-14T21:45:58Z,7.0,,,,,,,,,,,,,,7.0,2025-08-14T21:45:58Z
Untrusted Process Tree,process_tree,2025-08-14T21:46:03Z,7.0,,,,,,,,,,,,,,7.0,2025-08-14T21:46:03Z
Untrusted Process Tree,process_tree,2025-08-14T21:46:07Z,7.0,,,,,,,,,,,,,,7.0,2025-08-14T21:46:07Z
Untrusted Process Tree,process_tree,2025-08-14T21:46:11Z,7.0,,,,,,,,,,,,,,7.0,2025-08-14T21:46:11Z
Untrusted Process Tree,process_tree,2025-08-14T21:46:15Z,7.0,,,,,,,,,,,,,,7.0,2025-08-14T21:46:15Z
Untrusted Process Tree,process_tree,2025-08-14T21:46:19Z,7.0,,,,,,,,,,,,,,7.0,2025-08-14T21:46:19Z
Untrusted Process Tree,process_tree,2025-08-14T21:46:23Z,7.0,,,,,,,,,,,,,,7.0,2025-08-14T21:46:23Z
Untrusted Process Tree,process_tree,2025-08-14T21:46:27Z,7.0,,,,,,,,,,,,,,7.0,2025-08-14T21:46:27Z
Untrusted Process Tree,process_tree,2025-08-14T21:46:31Z,7.0,,,,,,,,,,,,,,7.0,2025-08-14T21:46:31Z
Untrusted Process Tree,process_tree,2025-08-14T21:46:35Z,7.0,,,,,,,,,,,,,,7.0,2025-08-14T21:46:35Z
Untrusted Process Tree,process_tree,2025-08-14T21:46:40Z,7.0,,,,,,,,,,,,,,7.0,2025-08-14T21:46:40Z
Untrusted Process Tree,process_tree,2025-08-14T21:46:44Z,7.0,,,,,,,,,,,,,,7.0,2025-08-14T21:46:44Z
Untrusted Process Tree,process_tree,2025-08-14T21:46:48Z,7.0,,,,,,,,,,,,,,7.0,2025-08-14T21:46:48Z
Untrusted Process Tree,process_tree,2025-08-14T21:46:52Z,7.0,,,,,,,,,,,,,,7.0,2025-08-14T21:46:52Z
Untrusted Process Tree,process_tree,2025-08-14T21:46:56Z,7.0,,,,,,,,,,,,,,7.0,2025-08-14T21:46:56Z
Untrusted Process Tree,process_tree,2025-08-14T21:47:00Z,7.0,,,,,,,,,,,,,,7.0,2025-08-14T21:47:00Z
Untrusted Process Tree,process_tree,2025-08-14T21:47:04Z,7.0,,,,,,,,,,,,,,7.0,2025-08-14T21:47:04Z
Untrusted Process Tree,process_tree,2025-08-14T21:47:08Z,7.0,,,,,,,,,,,,,,7.0,2025-08-14T21:47:08Z
Untrusted Process Tree,process_tree,2025-08-14T21:47:13Z,7.0,,,,,,,,,,,,,,7.0,2025-08-14T21:47:13Z
Untrusted Process Tree,process_tree,2025-08-14T21:47:17Z,7.0,,,,,,,,,,,,,,7.0,2025-08-14T21:47:17Z
Untrusted Process Tree,process_tree,2025-08-14T21:47:21Z,7.0,,,,,,,,,,,,,,7.0,2025-08-14T21:47:21Z
Untrusted Process Tree,process_tree,2025-08-14T21:47:25Z,7.0,,,,,,,,,,,,,,7.0,2025-08-14T21:47:25Z
Untrusted Process Tree,process_tree,2025-08-14T21:47:29Z,7.0,,,,,,,,,,,,,,7.0,2025-08-14T21:47:29Z
Untrusted Process Tree,process_tree,2025-08-14T21:47:33Z,7.0,,,,,,,,,,,,,,7.0,2025-08-14T21:47:33Z
Untrusted Process Tree,process_tree,2025-08-14T21:47:37Z,7.0,,,,,,,,,,,,,,7.0,2025-08-14T21:47:37Z
Untrusted Process Tree,process_tree,2025-08-14T21:47:42Z,7.0,,,,,,,,,,,,,,7.0,2025-08-14T21:47:42Z
Untrusted Process Tree,process_tree,2025-08-14T21:47:46Z,7.0,,,,,,,,,,,,,,7.0,2025-08-14T21:47:46Z
Untrusted Process Tree,process_tree,2025-08-14T21:47:50Z,7.0,,,,,,,,,,,,,,7.0,2025-08-14T21:47:50Z
Untrusted Process Tree,process_tree,2025-08-14T21:47:54Z,7.0,,,,,,,,,,,,,,7.0,2025-08-14T21:47:54Z
Untrusted Process Tree,process_tree,2025-08-14T21:47:58Z,7.0,,,,,,,,,,,,,,7.0,2025-08-14T21:47:58Z
Untrusted Process Tree,process_tree,2025-08-14T21:48:02Z,7.0,,,,,,,,,,,,,,7.0,2025-08-14T21:48:02Z
Untrusted Process Tree,process_tree,2025-08-14T21:48:06Z,7.0,,,,,,,,,,,,,,7.0,2025-08-14T21:48:06Z
Untrusted Process Tree,process_tree,2025-08-14T21:48:10Z,7.0,,,,,,,,,,,,,,7.0,2025-08-14T21:48:10Z
Untrusted Process Tree,process_tree,2025-08-14T21:48:14Z,7.0,,,,,,,,,,,,,,7.0,2025-08-14T21:48:14Z
Untrusted Process Tree,process_tree,2025-08-14T21:48:19Z,7.0,,,,,,,,,,,,,,7.0,2025-08-14T21:48:19Z
Untrusted Process Tree,process_tree,2025-08-14T21:48:23Z,7.0,,,,,,,,,,,,,,7.0,2025-08-14T21:48:23Z
Untrusted Process Tree,process_tree,2025-08-14T21:48:27Z,7.0,,,,,,,,,,,,,,7.0,2025-08-14T21:48:27Z
Untrusted Process Tree,process_tree,2025-08-14T21:48:31Z,7.0,,,,,,,,,,,,,,7.0,2025-08-14T21:48:31Z
Untrusted Process Tree,process_tree,2025-08-14T21:48:35Z,7.0,,,,,,,,,,,,,,7.0,2025-08-14T21:48:35Z
Untrusted Process Tree,process_tree,2025-08-14T21:48:39Z,7.0,,,,,,,,,,,,,,7.0,2025-08-14T21:48:39Z
Untrusted Process Tree,process_tree,2025-08-14T21:48:43Z,7.0,,,,,,,,,,,,,,7.0,2025-08-14T21:48:43Z
Untrusted Process Tree,process_tree,2025-08-14T21:48:47Z,7.0,,,,,,,,,,,,,,7.0,2025-08-14T21:48:47Z
Untrusted Process Tree,process_tree,2025-08-14T21:48:51Z,7.0,,,,,,,,,,,,,,7.0,2025-08-14T21:48:51Z
Untrusted Process Tree,process_tree,2025-08-14T21:48:56Z,7.0,,,,,,,,,,,,,,7.0,2025-08-14T21:48:56Z
Untrusted Process Tree,process_tree,2025-08-14T21:49:00Z,7.0,,,,,,,,,,,,,,7.0,2025-08-14T21:49:00Z
Untrusted Process Tree,process_tree,2025-08-14T21:49:04Z,7.0,,,,,,,,,,,,,,7.0,2025-08-14T21:49:04Z
Untrusted Process Tree,process_tree,2025-08-14T21:49:08Z,7.0,,,,,,,,,,,,,,7.0,2025-08-14T21:49:08Z
Untrusted Process Tree,process_tree,2025-08-14T21:49:12Z,7.0,,,,,,,,,,,,,,7.0,2025-08-14T21:49:12Z
Untrusted Process Tree,process_tree,2025-08-14T21:49:16Z,7.0,,,,,,,,,,,,,,7.0,2025-08-14T21:49:16Z
Untrusted Process Tree,process_tree,2025-08-14T21:49:20Z,7.0,,,,,,,,,,,,,,7.0,2025-08-14T21:49:20Z
Untrusted Process Tree,process_tree,2025-08-14T21:49:24Z,7.0,,,,,,,,,,,,,,7.0,2025-08-14T21:49:24Z
Untrusted Process Tree,process_tree,2025-08-14T21:49:28Z,7.0,,,,,,,,,,,,,,7.0,2025-08-14T21:49:28Z
Untrusted Process Tree,process_tree,2025-08-14T21:49:33Z,7.0,,,,,,,,,,,,,,7.0,2025-08-14T21:49:33Z
Untrusted Process Tree,process_tree,2025-08-14T21:49:37Z,7.0,,,,,,,,,,,,,,7.0,2025-08-14T21:49:37Z
Untrusted Process Tree,process_tree,2025-08-14T21:49:41Z,7.0,,,,,,,,,,,,,,7.0,2025-08-14T21:49:41Z
Untrusted Process Tree,process_tree,2025-08-14T21:49:45Z,7.0,,,,,,,,,,,,,,7.0,2025-08-14T21:49:45Z
Untrusted Process Tree,process_tree,2025-08-14T21:49:49Z,7.0,,,,,,,,,,,,,,7.0,2025-08-14T21:49:49Z
Untrusted Process Tree,process_tree,2025-08-14T21:49:53Z,7.0,,,,,,,,,,,,,,7.0,2025-08-14T21:49:53Z
Untrusted Process Tree,process_tree,2025-08-14T21:49:57Z,7.0,,,,,,,,,,,,,,7.0,2025-08-14T21:49:57Z
Untrusted Process Tree,process_tree,2025-08-14T21:50:01Z,7.0,,,,,,,,,,,,,,7.0,2025-08-14T21:50:01Z
Untrusted Process Tree,process_tree,2025-08-14T21:50:06Z,7.0,,,,,,,,,,,,,,7.0,2025-08-14T21:50:06Z
Untrusted Process Tree,process_tree,2025-08-14T21:50:10Z,7.0,,,,,,,,,,,,,,7.0,2025-08-14T21:50:10Z
Untrusted Process Tree,process_tree,2025-08-14T21:50:14Z,7.0,,,,,,,,,,,,,,7.0,2025-08-14T21:50:14Z
Untrusted Process Tree,process_tree,2025-08-14T21:50:18Z,7.0,,,,,,,,,,,,,,7.0,2025-08-14T21:50:18Z
Untrusted Process Tree,process_tree,2025-08-14T21:50:22Z,7.0,,,,,,,,,,,,,,7.0,2025-08-14T21:50:22Z
Untrusted Process Tree,process_tree,2025-08-14T21:50:26Z,7.0,,,,,,,,,,,,,,7.0,2025-08-14T21:50:26Z
Untrusted Process Tree,process_tree,2025-08-14T21:50:30Z,7.0,,,,,,,,,,,,,,7.0,2025-08-14T21:50:30Z
Untrusted Process Tree,process_tree,2025-08-14T21:50:34Z,7.0,,,,,,,,,,,,,,7.0,2025-08-14T21:50:34Z
Untrusted Process Tree,process_tree,2025-08-14T21:50:39Z,7.0,,,,,,,,,,,,,,7.0,2025-08-14T21:50:39Z
Untrusted Process Tree,process_tree,2025-08-14T21:50:43Z,7.0,,,,,,,,,,,,,,7.0,2025-08-14T21:50:43Z
Untrusted Process Tree,process_tree,2025-08-14T21:50:47Z,7.0,,,,,,,,,,,,,,7.0,2025-08-14T21:50:47Z
Untrusted Process Tree,process_tree,2025-08-14T21:50:51Z,7.0,,,,,,,,,,,,,,7.0,2025-08-14T21:50:51Z
Untrusted Process Tree,process_tree,2025-08-14T21:50:55Z,7.0,,,,,,,,,,,,,,7.0,2025-08-14T21:50:55Z
Untrusted Process Tree,process_tree,2025-08-14T21:50:59Z,7.0,,,,,,,,,,,,,,7.0,2025-08-14T21:50:59Z
Untrusted Process Tree,process_tree,2025-08-14T21:51:03Z,7.0,,,,,,,,,,,,,,7.0,2025-08-14T21:51:03Z
Untrusted Process Tree,process_tree,2025-08-14T21:51:07Z,7.0,,,,,,,,,,,,,,7.0,2025-08-14T21:51:07Z
Untrusted Process Tree,process_tree,2025-08-14T21:51:12Z,7.0,,,,,,,,,,,,,,7.0,2025-08-14T21:51:12Z
Untrusted Process Tree,process_tree,2025-08-14T21:51:16Z,7.0,,,,,,,,,,,,,,7.0,2025-08-14T21:51:16Z
Untrusted Process Tree,process_tree,2025-08-14T21:51:20Z,7.0,,,,,,,,,,,,,,7.0,2025-08-14T21:51:20Z
Untrusted Process Tree,process_tree,2025-08-14T21:51:24Z,7.0,,,,,,,,,,,,,,7.0,2025-08-14T21:51:24Z
Untrusted Process Tree,process_tree,2025-08-14T21:51:28Z,7.0,,,,,,,,,,,,,,7.0,2025-08-14T21:51:28Z
Untrusted Process Tree,process_tree,2025-08-14T21:51:32Z,7.0,,,,,,,,,,,,,,7.0,2025-08-14T21:51:32Z
Untrusted Process Tree,process_tree,2025-08-14T21:51:36Z,7.0,,,,,,,,,,,,,,7.0,2025-08-14T21:51:36Z
Untrusted Process Tree,process_tree,2025-08-14T21:51:40Z,7.0,,,,,,,,,,,,,,7.0,2025-08-14T21:51:40Z
Untrusted Process Tree,process_tree,2025-08-14T21:51:44Z,7.0,,,,,,,,,,,,,,7.0,2025-08-14T21:51:44Z
Untrusted Process Tree,process_tree,2025-08-14T21:51:49Z,7.0,,,,,,,,,,,,,,7.0,2025-08-14T21:51:49Z
Untrusted Process Tree,process_tree,2025-08-14T21:51:53Z,7.0,,,,,,,,,,,,,,7.0,2025-08-14T21:51:53Z
Untrusted Process Tree,process_tree,2025-08-14T21:51:57Z,7.0,,,,,,,,,,,,,,7.0,2025-08-14T21:51:57Z
Untrusted Process Tree,process_tree,2025-08-14T21:52:01Z,7.0,,,,,,,,,,,,,,7.0,2025-08-14T21:52:01Z
Untrusted Process Tree,process_tree,2025-08-14T21:52:05Z,7.0,,,,,,,,,,,,,,7.0,2025-08-14T21:52:05Z
Untrusted Process Tree,process_tree,2025-08-14T21:52:09Z,7.0,,,,,,,,,,,,,,7.0,2025-08-14T21:52:09Z
Untrusted Process Tree,process_tree,2025-08-14T21:52:14Z,7.0,,,,,,,,,,,,,,7.0,2025-08-14T21:52:14Z
Untrusted Process Tree,process_tree,2025-08-14T21:52:18Z,7.0,,,,,,,,,,,,,,7.0,2025-08-14T21:52:18Z
Untrusted Process Tree,process_tree,2025-08-14T21:52:22Z,7.0,,,,,,,,,,,,,,7.0,2025-08-14T21:52:22Z
Untrusted Process Tree,severity_score,2025-08-14T21:45:44Z,,,,,,,,,,,,,,,,2025-08-14T21:45:44Z
Process Created,severity_score,2025-08-14T21:45:44Z,,,,,,,,,,,,,,,,2025-08-14T21:45:44Z
Autorun Entry Detected,severity_score,2025-08-14T21:45:44Z,,,,,,,,,,,,,,,,2025-08-14T21:45:44Z
Network Connection,severity_score,2025-08-14T21:45:45Z,,,,,,,,,,,,,,,,2025-08-14T21:45:45Z
File Modified,severity_score,2025-08-14T21:45:47Z,,,,,,,,,,,,,,,,2025-08-14T21:45:47Z
Autorun Entry Detected,severity_score,2025-08-14T21:45:48Z,,,,,,,,,,,,,,,,2025-08-14T21:45:48Z
Untrusted Process Tree,severity_score,2025-08-14T21:45:48Z,,,,,,,,,,,,,,,,2025-08-14T21:45:48Z
Process Created,severity_score,2025-08-14T21:45:48Z,,,,,,,,,,,,,,,,2025-08-14T21:45:48Z
Suspicious Network,severity_score,2025-08-14T21:45:49Z,,,,,,,,,,,,,,,,2025-08-14T21:45:49Z
System File Touched,severity_score,2025-08-14T21:45:51Z,,,,,,,,,,,,,,,,2025-08-14T21:45:51Z
Untrusted Process Tree,severity_score,2025-08-14T21:45:52Z,,,,,,,,,,,,,,,,2025-08-14T21:45:52Z
Process Created,severity_score,2025-08-14T21:45:52Z,,,,,,,,,,,,,,,,2025-08-14T21:45:52Z
Autorun Entry Detected,severity_score,2025-08-14T21:45:52Z,,,,,,,,,,,,,,,,2025-08-14T21:45:52Z
Network Connection,severity_score,2025-08-14T21:45:53Z,,,,,,,,,,,,,,,,2025-08-14T21:45:53Z
File Modified,severity_score,2025-08-14T21:45:55Z,,,,,,,,,,,,,,,,2025-08-14T21:45:55Z
Autorun Entry Detected,severity_score,2025-08-14T21:45:56Z,,,,,,,,,,,,,,,,2025-08-14T21:45:56Z
Process Created,severity_score,2025-08-14T21:45:56Z,,,,,,,,,,,,,,,,2025-08-14T21:45:56Z
Untrusted Process Tree,severity_score,2025-08-14T21:45:56Z,,,,,,,,,,,,,,,,2025-08-14T21:45:56Z
Suspicious Network,severity_score,2025-08-14T21:45:57Z,,,,,,,,,,,,,,,,2025-08-14T21:45:57Z
System File Touched,severity_score,2025-08-14T21:45:59Z,,,,,,,,,,,,,,,,2025-08-14T21:45:59Z
Untrusted Process Tree,severity_score,2025-08-14T21:46:01Z,,,,,,,,,,,,,,,,2025-08-14T21:46:01Z
Autorun Entry Detected,severity_score,2025-08-14T21:46:01Z,,,,,,,,,,,,,,,,2025-08-14T21:46:01Z
Process Created,severity_score,2025-08-14T21:46:01Z,,,,,,,,,,,,,,,,2025-08-14T21:46:01Z
Network Connection,severity_score,2025-08-14T21:46:01Z,,,,,,,,,,,,,,,,2025-08-14T21:46:01Z
Untrusted Process Tree,severity_score,2025-08-14T21:46:05Z,,,,,,,,,,,,,,,,2025-08-14T21:46:05Z
Autorun Entry Detected,severity_score,2025-08-14T21:46:05Z,,,,,,,,,,,,,,,,2025-08-14T21:46:05Z
Suspicious Process Modules,severity_score,2025-08-14T21:46:05Z,,,,,,,,,,,,,,,,2025-08-14T21:46:05Z
Suspicious Network,severity_score,2025-08-14T21:46:06Z,,,,,,,,,,,,,,,,2025-08-14T21:46:06Z
Untrusted Process Tree,severity_score,2025-08-14T21:46:09Z,,,,,,,,,,,,,,,,2025-08-14T21:46:09Z
Autorun Entry Detected,severity_score,2025-08-14T21:46:09Z,,,,,,,,,,,,,,,,2025-08-14T21:46:09Z
Process Created,severity_score,2025-08-14T21:46:09Z,,,,,,,,,,,,,,,,2025-08-14T21:46:09Z
Network Connection,severity_score,2025-08-14T21:46:10Z,,,,,,,,,,,,,,,,2025-08-14T21:46:10Z
Autorun Entry Detected,severity_score,2025-08-14T21:46:13Z,,,,,,,,,,,,,,,,2025-08-14T21:46:13Z
Untrusted Process Tree,severity_score,2025-08-14T21:46:13Z,,,,,,,,,,,,,,,,2025-08-14T21:46:13Z
Process Created,severity_score,2025-08-14T21:46:13Z,,,,,,,,,,,,,,,,2025-08-14T21:46:13Z
Suspicious Network,severity_score,2025-08-14T21:46:14Z,,,,,,,,,,,,,,,,2025-08-14T21:46:14Z
Autorun Entry Detected,severity_score,2025-08-14T21:46:17Z,,,,,,,,,,,,,,,,2025-08-14T21:46:17Z
Untrusted Process Tree,severity_score,2025-08-14T21:46:17Z,,,,,,,,,,,,,,,,2025-08-14T21:46:17Z
Process Created,severity_score,2025-08-14T21:46:17Z,,,,,,,,,,,,,,,,2025-08-14T21:46:17Z
Process Created,severity_score,2025-08-14T21:46:21Z,,,,,,,,,,,,,,,,2025-08-14T21:46:21Z
Untrusted Process Tree,severity_score,2025-08-14T21:46:21Z,,,,,,,,,,,,,,,,2025-08-14T21:46:21Z
Network Connection,severity_score,2025-08-14T21:46:23Z,,,,,,,,,,,,,,,,2025-08-14T21:46:23Z
Suspicious Process Modules,severity_score,2025-08-14T21:46:25Z,,,,,,,,,,,,,,,,2025-08-14T21:46:25Z
Untrusted Process Tree,severity_score,2025-08-14T21:46:25Z,,,,,,,,,,,,,,,,2025-08-14T21:46:25Z
Suspicious Network,severity_score,2025-08-14T21:46:27Z,,,,,,,,,,,,,,,,2025-08-14T21:46:27Z
Process Created,severity_score,2025-08-14T21:46:29Z,,,,,,,,,,,,,,,,2025-08-14T21:46:29Z
Untrusted Process Tree,severity_score,2025-08-14T21:46:29Z,,,,,,,,,,,,,,,,2025-08-14T21:46:29Z
Network Connection,severity_score,2025-08-14T21:46:33Z,,,,,,,,,,,,,,,,2025-08-14T21:46:33Z
Untrusted Process Tree,severity_score,2025-08-14T21:46:33Z,,,,,,,,,,,,,,,,2025-08-14T21:46:33Z
Process Created,severity_score,2025-08-14T21:46:33Z,,,,,,,,,,,,,,,,2025-08-14T21:46:33Z
File Modified,severity_score,2025-08-14T21:46:37Z,,,,,,,,,,,,,,,,2025-08-14T21:46:37Z
Suspicious Network,severity_score,2025-08-14T21:46:37Z,,,,,,,,,,,,,,,,2025-08-14T21:46:37Z
Untrusted Process Tree,severity_score,2025-08-14T21:46:38Z,,,,,,,,,,,,,,,,2025-08-14T21:46:38Z
Process Created,severity_score,2025-08-14T21:46:38Z,,,,,,,,,,,,,,,,2025-08-14T21:46:38Z
System File Touched,severity_score,2025-08-14T21:46:41Z,,,,,,,,,,,,,,,,2025-08-14T21:46:41Z
Network Connection,severity_score,2025-08-14T21:46:41Z,,,,,,,,,,,,,,,,2025-08-14T21:46:41Z
Suspicious Process Modules,severity_score,2025-08-14T21:46:42Z,,,,,,,,,,,,,,,,2025-08-14T21:46:42Z
Untrusted Process Tree,severity_score,2025-08-14T21:46:42Z,,,,,,,,,,,,,,,,2025-08-14T21:46:42Z
File Modified,severity_score,2025-08-14T21:46:45Z,,,,,,,,,,,,,,,,2025-08-14T21:46:45Z
Suspicious Network,severity_score,2025-08-14T21:46:45Z,,,,,,,,,,,,,,,,2025-08-14T21:46:45Z
Process Created,severity_score,2025-08-14T21:46:46Z,,,,,,,,,,,,,,,,2025-08-14T21:46:46Z
Untrusted Process Tree,severity_score,2025-08-14T21:46:46Z,,,,,,,,,,,,,,,,2025-08-14T21:46:46Z
System File Touched,severity_score,2025-08-14T21:46:49Z,,,,,,,,,,,,,,,,2025-08-14T21:46:49Z
Network Connection,severity_score,2025-08-14T21:46:50Z,,,,,,,,,,,,,,,,2025-08-14T21:46:50Z
Process Created,severity_score,2025-08-14T21:46:50Z,,,,,,,,,,,,,,,,2025-08-14T21:46:50Z
Untrusted Process Tree,severity_score,2025-08-14T21:46:50Z,,,,,,,,,,,,,,,,2025-08-14T21:46:50Z
Autorun Entry Detected,severity_score,2025-08-14T21:46:51Z,,,,,,,,,,,,,,,,2025-08-14T21:46:51Z
File Modified,severity_score,2025-08-14T21:46:53Z,,,,,,,,,,,,,,,,2025-08-14T21:46:53Z
Suspicious Network,severity_score,2025-08-14T21:46:54Z,,,,,,,,,,,,,,,,2025-08-14T21:46:54Z
Untrusted Process Tree,severity_score,2025-08-14T21:46:54Z,,,,,,,,,,,,,,,,2025-08-14T21:46:54Z
Process Created,severity_score,2025-08-14T21:46:54Z,,,,,,,,,,,,,,,,2025-08-14T21:46:54Z
Autorun Entry Detected,severity_score,2025-08-14T21:46:55Z,,,,,,,,,,,,,,,,2025-08-14T21:46:55Z
System File Touched,severity_score,2025-08-14T21:46:57Z,,,,,,,,,,,,,,,,2025-08-14T21:46:57Z
Network Connection,severity_score,2025-08-14T21:46:58Z,,,,,,,,,,,,,,,,2025-08-14T21:46:58Z
Untrusted Process Tree,severity_score,2025-08-14T21:46:58Z,,,,,,,,,,,,,,,,2025-08-14T21:46:58Z
Process Created,severity_score,2025-08-14T21:46:58Z,,,,,,,,,,,,,,,,2025-08-14T21:46:58Z
Autorun Entry Detected,severity_score,2025-08-14T21:46:59Z,,,,,,,,,,,,,,,,2025-08-14T21:46:59Z
File Modified,severity_score,2025-08-14T21:47:01Z,,,,,,,,,,,,,,,,2025-08-14T21:47:01Z
Suspicious Network,severity_score,2025-08-14T21:47:02Z,,,,,,,,,,,,,,,,2025-08-14T21:47:02Z
Untrusted Process Tree,severity_score,2025-08-14T21:47:02Z,,,,,,,,,,,,,,,,2025-08-14T21:47:02Z
Process Created,severity_score,2025-08-14T21:47:02Z,,,,,,,,,,,,,,,,2025-08-14T21:47:02Z
Autorun Entry Detected,severity_score,2025-08-14T21:47:03Z,,,,,,,,,,,,,,,,2025-08-14T21:47:03Z
System File Touched,severity_score,2025-08-14T21:47:05Z,,,,,,,,,,,,,,,,2025-08-14T21:47:05Z
Network Connection,severity_score,2025-08-14T21:47:06Z,,,,,,,,,,,,,,,,2025-08-14T21:47:06Z
Process Created,severity_score,2025-08-14T21:47:06Z,,,,,,,,,,,,,,,,2025-08-14T21:47:06Z
Untrusted Process Tree,severity_score,2025-08-14T21:47:06Z,,,,,,,,,,,,,,,,2025-08-14T21:47:06Z
Autorun Entry Detected,severity_score,2025-08-14T21:47:07Z,,,,,,,,,,,,,,,,2025-08-14T21:47:07Z
File Modified,severity_score,2025-08-14T21:47:10Z,,,,,,,,,,,,,,,,2025-08-14T21:47:10Z
Suspicious Network,severity_score,2025-08-14T21:47:10Z,,,,,,,,,,,,,,,,2025-08-14T21:47:10Z
Process Created,severity_score,2025-08-14T21:47:11Z,,,,,,,,,,,,,,,,2025-08-14T21:47:11Z
Untrusted Process Tree,severity_score,2025-08-14T21:47:11Z,,,,,,,,,,,,,,,,2025-08-14T21:47:11Z
Autorun Entry Detected,severity_score,2025-08-14T21:47:12Z,,,,,,,,,,,,,,,,2025-08-14T21:47:12Z
System File Touched,severity_score,2025-08-14T21:47:14Z,,,,,,,,,,,,,,,,2025-08-14T21:47:14Z
Network Connection,severity_score,2025-08-14T21:47:14Z,,,,,,,,,,,,,,,,2025-08-14T21:47:14Z
Process Created,severity_score,2025-08-14T21:47:15Z,,,,,,,,,,,,,,,,2025-08-14T21:47:15Z
Untrusted Process Tree,severity_score,2025-08-14T21:47:15Z,,,,,,,,,,,,,,,,2025-08-14T21:47:15Z
Autorun Entry Detected,severity_score,2025-08-14T21:47:16Z,,,,,,,,,,,,,,,,2025-08-14T21:47:16Z
File Modified,severity_score,2025-08-14T21:47:18Z,,,,,,,,,,,,,,,,2025-08-14T21:47:18Z
Suspicious Network,severity_score,2025-08-14T21:47:18Z,,,,,,,,,,,,,,,,2025-08-14T21:47:18Z
Suspicious Process Modules,severity_score,2025-08-14T21:47:19Z,,,,,,,,,,,,,,,,2025-08-14T21:47:19Z
Untrusted Process Tree,severity_score,2025-08-14T21:47:19Z,,,,,,,,,,,,,,,,2025-08-14T21:47:19Z
Autorun Entry Detected,severity_score,2025-08-14T21:47:20Z,,,,,,,,,,,,,,,,2025-08-14T21:47:20Z
System File Touched,severity_score,2025-08-14T21:47:22Z,,,,,,,,,,,,,,,,2025-08-14T21:47:22Z
Process Created,severity_score,2025-08-14T21:47:23Z,,,,,,,,,,,,,,,,2025-08-14T21:47:23Z
Untrusted Process Tree,severity_score,2025-08-14T21:47:23Z,,,,,,,,,,,,,,,,2025-08-14T21:47:23Z
Autorun Entry Detected,severity_score,2025-08-14T21:47:24Z,,,,,,,,,,,,,,,,2025-08-14T21:47:24Z
File Modified,severity_score,2025-08-14T21:47:26Z,,,,,,,,,,,,,,,,2025-08-14T21:47:26Z
Suspicious Process Modules,severity_score,2025-08-14T21:47:27Z,,,,,,,,,,,,,,,,2025-08-14T21:47:27Z
Untrusted Process Tree,severity_score,2025-08-14T21:47:27Z,,,,,,,,,,,,,,,,2025-08-14T21:47:27Z
Network Connection,severity_score,2025-08-14T21:47:28Z,,,,,,,,,,,,,,,,2025-08-14T21:47:28Z
System File Touched,severity_score,2025-08-14T21:47:30Z,,,,,,,,,,,,,,,,2025-08-14T21:47:30Z
Process Created,severity_score,2025-08-14T21:47:31Z,,,,,,,,,,,,,,,,2025-08-14T21:47:31Z
Untrusted Process Tree,severity_score,2025-08-14T21:47:31Z,,,,,,,,,,,,,,,,2025-08-14T21:47:31Z
Suspicious Network,severity_score,2025-08-14T21:47:32Z,,,,,,,,,,,,,,,,2025-08-14T21:47:32Z
File Modified,severity_score,2025-08-14T21:47:34Z,,,,,,,,,,,,,,,,2025-08-14T21:47:34Z
Process Created,severity_score,2025-08-14T21:47:35Z,,,,,,,,,,,,,,,,2025-08-14T21:47:35Z
Untrusted Process Tree,severity_score,2025-08-14T21:47:35Z,,,,,,,,,,,,,,,,2025-08-14T21:47:35Z
System File Touched,severity_score,2025-08-14T21:47:38Z,,,,,,,,,,,,,,,,2025-08-14T21:47:38Z
Process Created,severity_score,2025-08-14T21:47:39Z,,,,,,,,,,,,,,,,2025-08-14T21:47:39Z
Untrusted Process Tree,severity_score,2025-08-14T21:47:39Z,,,,,,,,,,,,,,,,2025-08-14T21:47:39Z
Network Connection,severity_score,2025-08-14T21:47:41Z,,,,,,,,,,,,,,,,2025-08-14T21:47:41Z
File Modified,severity_score,2025-08-14T21:47:42Z,,,,,,,,,,,,,,,,2025-08-14T21:47:42Z
Process Created,severity_score,2025-08-14T21:47:43Z,,,,,,,,,,,,,,,,2025-08-14T21:47:43Z
Untrusted Process Tree,severity_score,2025-08-14T21:47:44Z,,,,,,,,,,,,,,,,2025-08-14T21:47:44Z
Suspicious Network,severity_score,2025-08-14T21:47:46Z,,,,,,,,,,,,,,,,2025-08-14T21:47:46Z
System File Touched,severity_score,2025-08-14T21:47:46Z,,,,,,,,,,,,,,,,2025-08-14T21:47:46Z
Process Created,severity_score,2025-08-14T21:47:48Z,,,,,,,,,,,,,,,,2025-08-14T21:47:48Z
Untrusted Process Tree,severity_score,2025-08-14T21:47:48Z,,,,,,,,,,,,,,,,2025-08-14T21:47:48Z
Network Connection,severity_score,2025-08-14T21:47:50Z,,,,,,,,,,,,,,,,2025-08-14T21:47:50Z
File Modified,severity_score,2025-08-14T21:47:51Z,,,,,,,,,,,,,,,,2025-08-14T21:47:51Z
Process Created,severity_score,2025-08-14T21:47:52Z,,,,,,,,,,,,,,,,2025-08-14T21:47:52Z
Untrusted Process Tree,severity_score,2025-08-14T21:47:52Z,,,,,,,,,,,,,,,,2025-08-14T21:47:52Z
Suspicious Network,severity_score,2025-08-14T21:47:54Z,,,,,,,,,,,,,,,,2025-08-14T21:47:54Z
System File Touched,severity_score,2025-08-14T21:47:55Z,,,,,,,,,,,,,,,,2025-08-14T21:47:55Z
Process Created,severity_score,2025-08-14T21:47:56Z,,,,,,,,,,,,,,,,2025-08-14T21:47:56Z
Untrusted Process Tree,severity_score,2025-08-14T21:47:56Z,,,,,,,,,,,,,,,,2025-08-14T21:47:56Z
Autorun Entry Detected,severity_score,2025-08-14T21:47:58Z,,,,,,,,,,,,,,,,2025-08-14T21:47:58Z
Network Connection,severity_score,2025-08-14T21:47:58Z,,,,,,,,,,,,,,,,2025-08-14T21:47:58Z
File Modified,severity_score,2025-08-14T21:47:59Z,,,,,,,,,,,,,,,,2025-08-14T21:47:59Z
Process Created,severity_score,2025-08-14T21:48:00Z,,,,,,,,,,,,,,,,2025-08-14T21:48:00Z
Untrusted Process Tree,severity_score,2025-08-14T21:48:00Z,,,,,,,,,,,,,,,,2025-08-14T21:48:00Z
Autorun Entry Detected,severity_score,2025-08-14T21:48:02Z,,,,,,,,,,,,,,,,2025-08-14T21:48:02Z
Suspicious Network,severity_score,2025-08-14T21:48:02Z,,,,,,,,,,,,,,,,2025-08-14T21:48:02Z
System File Touched,severity_score,2025-08-14T21:48:03Z,,,,,,,,,,,,,,,,2025-08-14T21:48:03Z
Process Created,severity_score,2025-08-14T21:48:04Z,,,,,,,,,,,,,,,,2025-08-14T21:48:04Z
Untrusted Process Tree,severity_score,2025-08-14T21:48:04Z,,,,,,,,,,,,,,,,2025-08-14T21:48:04Z
Autorun Entry Detected,severity_score,2025-08-14T21:48:06Z,,,,,,,,,,,,,,,,2025-08-14T21:48:06Z
Network Connection,severity_score,2025-08-14T21:48:06Z,,,,,,,,,,,,,,,,2025-08-14T21:48:06Z
File Modified,severity_score,2025-08-14T21:48:07Z,,,,,,,,,,,,,,,,2025-08-14T21:48:07Z
Suspicious Process Modules,severity_score,2025-08-14T21:48:08Z,,,,,,,,,,,,,,,,2025-08-14T21:48:08Z
Untrusted Process Tree,severity_score,2025-08-14T21:48:08Z,,,,,,,,,,,,,,,,2025-08-14T21:48:08Z
Autorun Entry Detected,severity_score,2025-08-14T21:48:10Z,,,,,,,,,,,,,,,,2025-08-14T21:48:10Z
Suspicious Network,severity_score,2025-08-14T21:48:11Z,,,,,,,,,,,,,,,,2025-08-14T21:48:11Z
System File Touched,severity_score,2025-08-14T21:48:11Z,,,,,,,,,,,,,,,,2025-08-14T21:48:11Z
Process Created,severity_score,2025-08-14T21:48:12Z,,,,,,,,,,,,,,,,2025-08-14T21:48:12Z
Untrusted Process Tree,severity_score,2025-08-14T21:48:12Z,,,,,,,,,,,,,,,,2025-08-14T21:48:12Z
Autorun Entry Detected,severity_score,2025-08-14T21:48:15Z,,,,,,,,,,,,,,,,2025-08-14T21:48:15Z
File Modified,severity_score,2025-08-14T21:48:15Z,,,,,,,,,,,,,,,,2025-08-14T21:48:15Z
Network Connection,severity_score,2025-08-14T21:48:15Z,,,,,,,,,,,,,,,,2025-08-14T21:48:15Z
Process Created,severity_score,2025-08-14T21:48:17Z,,,,,,,,,,,,,,,,2025-08-14T21:48:17Z
Untrusted Process Tree,severity_score,2025-08-14T21:48:17Z,,,,,,,,,,,,,,,,2025-08-14T21:48:17Z
Autorun Entry Detected,severity_score,2025-08-14T21:48:19Z,,,,,,,,,,,,,,,,2025-08-14T21:48:19Z
System File Touched,severity_score,2025-08-14T21:48:19Z,,,,,,,,,,,,,,,,2025-08-14T21:48:19Z
Suspicious Network,severity_score,2025-08-14T21:48:19Z,,,,,,,,,,,,,,,,2025-08-14T21:48:19Z
Process Created,severity_score,2025-08-14T21:48:21Z,,,,,,,,,,,,,,,,2025-08-14T21:48:21Z
Untrusted Process Tree,severity_score,2025-08-14T21:48:21Z,,,,,,,,,,,,,,,,2025-08-14T21:48:21Z
Autorun Entry Detected,severity_score,2025-08-14T21:48:23Z,,,,,,,,,,,,,,,,2025-08-14T21:48:23Z
File Modified,severity_score,2025-08-14T21:48:23Z,,,,,,,,,,,,,,,,2025-08-14T21:48:23Z
Suspicious Process Modules,severity_score,2025-08-14T21:48:25Z,,,,,,,,,,,,,,,,2025-08-14T21:48:25Z
Untrusted Process Tree,severity_score,2025-08-14T21:48:25Z,,,,,,,,,,,,,,,,2025-08-14T21:48:25Z
Autorun Entry Detected,severity_score,2025-08-14T21:48:27Z,,,,,,,,,,,,,,,,2025-08-14T21:48:27Z
System File Touched,severity_score,2025-08-14T21:48:27Z,,,,,,,,,,,,,,,,2025-08-14T21:48:27Z
Process Created,severity_score,2025-08-14T21:48:29Z,,,,,,,,,,,,,,,,2025-08-14T21:48:29Z
Untrusted Process Tree,severity_score,2025-08-14T21:48:29Z,,,,,,,,,,,,,,,,2025-08-14T21:48:29Z
Network Connection,severity_score,2025-08-14T21:48:29Z,,,,,,,,,,,,,,,,2025-08-14T21:48:29Z
Autorun Entry Detected,severity_score,2025-08-14T21:48:31Z,,,,,,,,,,,,,,,,2025-08-14T21:48:31Z
File Modified,severity_score,2025-08-14T21:48:31Z,,,,,,,,,,,,,,,,2025-08-14T21:48:31Z
Process Created,severity_score,2025-08-14T21:48:33Z,,,,,,,,,,,,,,,,2025-08-14T21:48:33Z
Untrusted Process Tree,severity_score,2025-08-14T21:48:33Z,,,,,,,,,,,,,,,,2025-08-14T21:48:33Z
Suspicious Network,severity_score,2025-08-14T21:48:33Z,,,,,,,,,,,,,,,,2025-08-14T21:48:33Z
System File Touched,severity_score,2025-08-14T21:48:35Z,,,,,,,,,,,,,,,,2025-08-14T21:48:35Z
Process Created,severity_score,2025-08-14T21:48:37Z,,,,,,,,,,,,,,,,2025-08-14T21:48:37Z
Untrusted Process Tree,severity_score,2025-08-14T21:48:37Z,,,,,,,,,,,,,,,,2025-08-14T21:48:37Z
Network Connection,severity_score,2025-08-14T21:48:37Z,,,,,,,,,,,,,,,,2025-08-14T21:48:37Z
File Modified,severity_score,2025-08-14T21:48:40Z,,,,,,,,,,,,,,,,2025-08-14T21:48:40Z
Process Created,severity_score,2025-08-14T21:48:41Z,,,,,,,,,,,,,,,,2025-08-14T21:48:41Z
Untrusted Process Tree,severity_score,2025-08-14T21:48:41Z,,,,,,,,,,,,,,,,2025-08-14T21:48:41Z
Suspicious Network,severity_score,2025-08-14T21:48:42Z,,,,,,,,,,,,,,,,2025-08-14T21:48:42Z
System File Touched,severity_score,2025-08-14T21:48:44Z,,,,,,,,,,,,,,,,2025-08-14T21:48:44Z
Process Created,severity_score,2025-08-14T21:48:45Z,,,,,,,,,,,,,,,,2025-08-14T21:48:45Z
Untrusted Process Tree,severity_score,2025-08-14T21:48:45Z,,,,,,,,,,,,,,,,2025-08-14T21:48:45Z
File Modified,severity_score,2025-08-14T21:48:48Z,,,,,,,,,,,,,,,,2025-08-14T21:48:48Z
Process Created,severity_score,2025-08-14T21:48:49Z,,,,,,,,,,,,,,,,2025-08-14T21:48:49Z
Untrusted Process Tree,severity_score,2025-08-14T21:48:49Z,,,,,,,,,,,,,,,,2025-08-14T21:48:49Z
Network Connection,severity_score,2025-08-14T21:48:51Z,,,,,,,,,,,,,,,,2025-08-14T21:48:51Z
System File Touched,severity_score,2025-08-14T21:48:52Z,,,,,,,,,,,,,,,,2025-08-14T21:48:52Z
Suspicious Process Modules,severity_score,2025-08-14T21:48:53Z,,,,,,,,,,,,,,,,2025-08-14T21:48:53Z
Untrusted Process Tree,severity_score,2025-08-14T21:48:54Z,,,,,,,,,,,,,,,,2025-08-14T21:48:54Z
Suspicious Network,severity_score,2025-08-14T21:48:55Z,,,,,,,,,,,,,,,,2025-08-14T21:48:55Z
File Modified,severity_score,2025-08-14T21:48:56Z,,,,,,,,,,,,,,,,2025-08-14T21:48:56Z
Process Created,severity_score,2025-08-14T21:48:58Z,,,,,,,,,,,,,,,,2025-08-14T21:48:58Z
Untrusted Process Tree,severity_score,2025-08-14T21:48:58Z,,,,,,,,,,,,,,,,2025-08-14T21:48:58Z
System File Touched,severity_score,2025-08-14T21:49:00Z,,,,,,,,,,,,,,,,2025-08-14T21:49:00Z
Network Connection,severity_score,2025-08-14T21:49:00Z,,,,,,,,,,,,,,,,2025-08-14T21:49:00Z
Process Created,severity_score,2025-08-14T21:49:02Z,,,,,,,,,,,,,,,,2025-08-14T21:49:02Z
Untrusted Process Tree,severity_score,2025-08-14T21:49:02Z,,,,,,,,,,,,,,,,2025-08-14T21:49:02Z
File Modified,severity_score,2025-08-14T21:49:04Z,,,,,,,,,,,,,,,,2025-08-14T21:49:04Z
Suspicious Network,severity_score,2025-08-14T21:49:04Z,,,,,,,,,,,,,,,,2025-08-14T21:49:04Z
Autorun Entry Detected,severity_score,2025-08-14T21:49:05Z,,,,,,,,,,,,,,,,2025-08-14T21:49:05Z
Suspicious Process Modules,severity_score,2025-08-14T21:49:06Z,,,,,,,,,,,,,,,,2025-08-14T21:49:06Z
Untrusted Process Tree,severity_score,2025-08-14T21:49:06Z,,,,,,,,,,,,,,,,2025-08-14T21:49:06Z
System File Touched,severity_score,2025-08-14T21:49:08Z,,,,,,,,,,,,,,,,2025-08-14T21:49:08Z
Autorun Entry Detected,severity_score,2025-08-14T21:49:09Z,,,,,,,,,,,,,,,,2025-08-14T21:49:09Z
Process Created,severity_score,2025-08-14T21:49:10Z,,,,,,,,,,,,,,,,2025-08-14T21:49:10Z
Untrusted Process Tree,severity_score,2025-08-14T21:49:10Z,,,,,,,,,,,,,,,,2025-08-14T21:49:10Z
File Modified,severity_score,2025-08-14T21:49:12Z,,,,,,,,,,,,,,,,2025-08-14T21:49:12Z
Autorun Entry Detected,severity_score,2025-08-14T21:49:13Z,,,,,,,,,,,,,,,,2025-08-14T21:49:13Z
Network Connection,severity_score,2025-08-14T21:49:14Z,,,,,,,,,,,,,,,,2025-08-14T21:49:14Z
Process Created,severity_score,2025-08-14T21:49:14Z,,,,,,,,,,,,,,,,2025-08-14T21:49:14Z
Untrusted Process Tree,severity_score,2025-08-14T21:49:14Z,,,,,,,,,,,,,,,,2025-08-14T21:49:14Z
System File Touched,severity_score,2025-08-14T21:49:16Z,,,,,,,,,,,,,,,,2025-08-14T21:49:16Z
Autorun Entry Detected,severity_score,2025-08-14T21:49:17Z,,,,,,,,,,,,,,,,2025-08-14T21:49:17Z
Suspicious Network,severity_score,2025-08-14T21:49:18Z,,,,,,,,,,,,,,,,2025-08-14T21:49:18Z
Process Created,severity_score,2025-08-14T21:49:18Z,,,,,,,,,,,,,,,,2025-08-14T21:49:18Z
Untrusted Process Tree,severity_score,2025-08-14T21:49:18Z,,,,,,,,,,,,,,,,2025-08-14T21:49:18Z
File Modified,severity_score,2025-08-14T21:49:20Z,,,,,,,,,,,,,,,,2025-08-14T21:49:20Z
Autorun Entry Detected,severity_score,2025-08-14T21:49:21Z,,,,,,,,,,,,,,,,2025-08-14T21:49:21Z
Network Connection,severity_score,2025-08-14T21:49:22Z,,,,,,,,,,,,,,,,2025-08-14T21:49:22Z
Process Created,severity_score,2025-08-14T21:49:22Z,,,,,,,,,,,,,,,,2025-08-14T21:49:22Z
Untrusted Process Tree,severity_score,2025-08-14T21:49:22Z,,,,,,,,,,,,,,,,2025-08-14T21:49:22Z
System File Touched,severity_score,2025-08-14T21:49:25Z,,,,,,,,,,,,,,,,2025-08-14T21:49:25Z
Autorun Entry Detected,severity_score,2025-08-14T21:49:26Z,,,,,,,,,,,,,,,,2025-08-14T21:49:26Z
Suspicious Network,severity_score,2025-08-14T21:49:26Z,,,,,,,,,,,,,,,,2025-08-14T21:49:26Z
Process Created,severity_score,2025-08-14T21:49:26Z,,,,,,,,,,,,,,,,2025-08-14T21:49:26Z
Untrusted Process Tree,severity_score,2025-08-14T21:49:26Z,,,,,,,,,,,,,,,,2025-08-14T21:49:26Z
File Modified,severity_score,2025-08-14T21:49:29Z,,,,,,,,,,,,,,,,2025-08-14T21:49:29Z
Autorun Entry Detected,severity_score,2025-08-14T21:49:30Z,,,,,,,,,,,,,,,,2025-08-14T21:49:30Z
Network Connection,severity_score,2025-08-14T21:49:30Z,,,,,,,,,,,,,,,,2025-08-14T21:49:30Z
Process Created,severity_score,2025-08-14T21:49:30Z,,,,,,,,,,,,,,,,2025-08-14T21:49:30Z
Untrusted Process Tree,severity_score,2025-08-14T21:49:30Z,,,,,,,,,,,,,,,,2025-08-14T21:49:30Z
System File Touched,severity_score,2025-08-14T21:49:33Z,,,,,,,,,,,,,,,,2025-08-14T21:49:33Z
Autorun Entry Detected,severity_score,2025-08-14T21:49:34Z,,,,,,,,,,,,,,,,2025-08-14T21:49:34Z
Suspicious Network,severity_score,2025-08-14T21:49:34Z,,,,,,,,,,,,,,,,2025-08-14T21:49:34Z
Suspicious Process Modules,severity_score,2025-08-14T21:49:35Z,,,,,,,,,,,,,,,,2025-08-14T21:49:35Z
Untrusted Process Tree,severity_score,2025-08-14T21:49:35Z,,,,,,,,,,,,,,,,2025-08-14T21:49:35Z
File Modified,severity_score,2025-08-14T21:49:37Z,,,,,,,,,,,,,,,,2025-08-14T21:49:37Z
Autorun Entry Detected,severity_score,2025-08-14T21:49:38Z,,,,,,,,,,,,,,,,2025-08-14T21:49:38Z
Network Connection,severity_score,2025-08-14T21:49:38Z,,,,,,,,,,,,,,,,2025-08-14T21:49:38Z
Process Created,severity_score,2025-08-14T21:49:39Z,,,,,,,,,,,,,,,,2025-08-14T21:49:39Z
Untrusted Process Tree,severity_score,2025-08-14T21:49:39Z,,,,,,,,,,,,,,,,2025-08-14T21:49:39Z
System File Touched,severity_score,2025-08-14T21:49:41Z,,,,,,,,,,,,,,,,2025-08-14T21:49:41Z
Suspicious Network,severity_score,2025-08-14T21:49:42Z,,,,,,,,,,,,,,,,2025-08-14T21:49:42Z
Untrusted Process Tree,severity_score,2025-08-14T21:49:43Z,,,,,,,,,,,,,,,,2025-08-14T21:49:43Z
Suspicious Process Modules,severity_score,2025-08-14T21:49:43Z,,,,,,,,,,,,,,,,2025-08-14T21:49:43Z
File Modified,severity_score,2025-08-14T21:49:45Z,,,,,,,,,,,,,,,,2025-08-14T21:49:45Z
Network Connection,severity_score,2025-08-14T21:49:47Z,,,,,,,,,,,,,,,,2025-08-14T21:49:47Z
Process Created,severity_score,2025-08-14T21:49:47Z,,,,,,,,,,,,,,,,2025-08-14T21:49:47Z
Untrusted Process Tree,severity_score,2025-08-14T21:49:47Z,,,,,,,,,,,,,,,,2025-08-14T21:49:47Z
System File Touched,severity_score,2025-08-14T21:49:49Z,,,,,,,,,,,,,,,,2025-08-14T21:49:49Z
Suspicious Network,severity_score,2025-08-14T21:49:51Z,,,,,,,,,,,,,,,,2025-08-14T21:49:51Z
Untrusted Process Tree,severity_score,2025-08-14T21:49:51Z,,,,,,,,,,,,,,,,2025-08-14T21:49:51Z
Process Created,severity_score,2025-08-14T21:49:51Z,,,,,,,,,,,,,,,,2025-08-14T21:49:51Z
File Modified,severity_score,2025-08-14T21:49:53Z,,,,,,,,,,,,,,,,2025-08-14T21:49:53Z
Untrusted Process Tree,severity_score,2025-08-14T21:49:55Z,,,,,,,,,,,,,,,,2025-08-14T21:49:55Z
Process Created,severity_score,2025-08-14T21:49:55Z,,,,,,,,,,,,,,,,2025-08-14T21:49:55Z
System File Touched,severity_score,2025-08-14T21:49:57Z,,,,,,,,,,,,,,,,2025-08-14T21:49:57Z
Suspicious Process Modules,severity_score,2025-08-14T21:49:59Z,,,,,,,,,,,,,,,,2025-08-14T21:49:59Z
Untrusted Process Tree,severity_score,2025-08-14T21:49:59Z,,,,,,,,,,,,,,,,2025-08-14T21:49:59Z
Network Connection,severity_score,2025-08-14T21:50:00Z,,,,,,,,,,,,,,,,2025-08-14T21:50:00Z
File Modified,severity_score,2025-08-14T21:50:01Z,,,,,,,,,,,,,,,,2025-08-14T21:50:01Z
Process Created,severity_score,2025-08-14T21:50:03Z,,,,,,,,,,,,,,,,2025-08-14T21:50:03Z
Untrusted Process Tree,severity_score,2025-08-14T21:50:03Z,,,,,,,,,,,,,,,,2025-08-14T21:50:03Z
Suspicious Network,severity_score,2025-08-14T21:50:04Z,,,,,,,,,,,,,,,,2025-08-14T21:50:04Z
System File Touched,severity_score,2025-08-14T21:50:05Z,,,,,,,,,,,,,,,,2025-08-14T21:50:05Z
Suspicious Process Modules,severity_score,2025-08-14T21:50:08Z,,,,,,,,,,,,,,,,2025-08-14T21:50:08Z
Untrusted Process Tree,severity_score,2025-08-14T21:50:08Z,,,,,,,,,,,,,,,,2025-08-14T21:50:08Z
Network Connection,severity_score,2025-08-14T21:50:08Z,,,,,,,,,,,,,,,,2025-08-14T21:50:08Z
File Modified,severity_score,2025-08-14T21:50:10Z,,,,,,,,,,,,,,,,2025-08-14T21:50:10Z
Process Created,severity_score,2025-08-14T21:50:12Z,,,,,,,,,,,,,,,,2025-08-14T21:50:12Z
Untrusted Process Tree,severity_score,2025-08-14T21:50:12Z,,,,,,,,,,,,,,,,2025-08-14T21:50:12Z
Autorun Entry Detected,severity_score,2025-08-14T21:50:12Z,,,,,,,,,,,,,,,,2025-08-14T21:50:12Z
Suspicious Network,severity_score,2025-08-14T21:50:12Z,,,,,,,,,,,,,,,,2025-08-14T21:50:12Z
System File Touched,severity_score,2025-08-14T21:50:14Z,,,,,,,,,,,,,,,,2025-08-14T21:50:14Z
Process Created,severity_score,2025-08-14T21:50:16Z,,,,,,,,,,,,,,,,2025-08-14T21:50:16Z
Untrusted Process Tree,severity_score,2025-08-14T21:50:16Z,,,,,,,,,,,,,,,,2025-08-14T21:50:16Z
Autorun Entry Detected,severity_score,2025-08-14T21:50:16Z,,,,,,,,,,,,,,,,2025-08-14T21:50:16Z
File Modified,severity_score,2025-08-14T21:50:18Z,,,,,,,,,,,,,,,,2025-08-14T21:50:18Z
Process Created,severity_score,2025-08-14T21:50:20Z,,,,,,,,,,,,,,,,2025-08-14T21:50:20Z
Untrusted Process Tree,severity_score,2025-08-14T21:50:20Z,,,,,,,,,,,,,,,,2025-08-14T21:50:20Z
Autorun Entry Detected,severity_score,2025-08-14T21:50:20Z,,,,,,,,,,,,,,,,2025-08-14T21:50:20Z
Network Connection,severity_score,2025-08-14T21:50:21Z,,,,,,,,,,,,,,,,2025-08-14T21:50:21Z
System File Touched,severity_score,2025-08-14T21:50:22Z,,,,,,,,,,,,,,,,2025-08-14T21:50:22Z
Process Created,severity_score,2025-08-14T21:50:24Z,,,,,,,,,,,,,,,,2025-08-14T21:50:24Z
Untrusted Process Tree,severity_score,2025-08-14T21:50:24Z,,,,,,,,,,,,,,,,2025-08-14T21:50:24Z
Autorun Entry Detected,severity_score,2025-08-14T21:50:24Z,,,,,,,,,,,,,,,,2025-08-14T21:50:24Z
Suspicious Network,severity_score,2025-08-14T21:50:25Z,,,,,,,,,,,,,,,,2025-08-14T21:50:25Z
File Modified,severity_score,2025-08-14T21:50:26Z,,,,,,,,,,,,,,,,2025-08-14T21:50:26Z
Process Created,severity_score,2025-08-14T21:50:28Z,,,,,,,,,,,,,,,,2025-08-14T21:50:28Z
Untrusted Process Tree,severity_score,2025-08-14T21:50:28Z,,,,,,,,,,,,,,,,2025-08-14T21:50:28Z
Autorun Entry Detected,severity_score,2025-08-14T21:50:28Z,,,,,,,,,,,,,,,,2025-08-14T21:50:28Z
Network Connection,severity_score,2025-08-14T21:50:30Z,,,,,,,,,,,,,,,,2025-08-14T21:50:30Z
System File Touched,severity_score,2025-08-14T21:50:30Z,,,,,,,,,,,,,,,,2025-08-14T21:50:30Z
Process Created,severity_score,2025-08-14T21:50:32Z,,,,,,,,,,,,,,,,2025-08-14T21:50:32Z
Untrusted Process Tree,severity_score,2025-08-14T21:50:32Z,,,,,,,,,,,,,,,,2025-08-14T21:50:32Z
Autorun Entry Detected,severity_score,2025-08-14T21:50:32Z,,,,,,,,,,,,,,,,2025-08-14T21:50:32Z
Suspicious Network,severity_score,2025-08-14T21:50:34Z,,,,,,,,,,,,,,,,2025-08-14T21:50:34Z
File Modified,severity_score,2025-08-14T21:50:34Z,,,,,,,,,,,,,,,,2025-08-14T21:50:34Z
Process Created,severity_score,2025-08-14T21:50:36Z,,,,,,,,,,,,,,,,2025-08-14T21:50:36Z
Untrusted Process Tree,severity_score,2025-08-14T21:50:36Z,,,,,,,,,,,,,,,,2025-08-14T21:50:36Z
Autorun Entry Detected,severity_score,2025-08-14T21:50:37Z,,,,,,,,,,,,,,,,2025-08-14T21:50:37Z
System File Touched,severity_score,2025-08-14T21:50:38Z,,,,,,,,,,,,,,,,2025-08-14T21:50:38Z
Process Created,severity_score,2025-08-14T21:50:41Z,,,,,,,,,,,,,,,,2025-08-14T21:50:41Z
Untrusted Process Tree,severity_score,2025-08-14T21:50:41Z,,,,,,,,,,,,,,,,2025-08-14T21:50:41Z
Autorun Entry Detected,severity_score,2025-08-14T21:50:41Z,,,,,,,,,,,,,,,,2025-08-14T21:50:41Z
File Modified,severity_score,2025-08-14T21:50:42Z,,,,,,,,,,,,,,,,2025-08-14T21:50:42Z
Network Connection,severity_score,2025-08-14T21:50:43Z,,,,,,,,,,,,,,,,2025-08-14T21:50:43Z
Untrusted Process Tree,severity_score,2025-08-14T21:50:45Z,,,,,,,,,,,,,,,,2025-08-14T21:50:45Z
Process Created,severity_score,2025-08-14T21:50:45Z,,,,,,,,,,,,,,,,2025-08-14T21:50:45Z
Autorun Entry Detected,severity_score,2025-08-14T21:50:45Z,,,,,,,,,,,,,,,,2025-08-14T21:50:45Z
System File Touched,severity_score,2025-08-14T21:50:46Z,,,,,,,,,,,,,,,,2025-08-14T21:50:46Z
Suspicious Network,severity_score,2025-08-14T21:50:47Z,,,,,,,,,,,,,,,,2025-08-14T21:50:47Z
Process Created,severity_score,2025-08-14T21:50:49Z,,,,,,,,,,,,,,,,2025-08-14T21:50:49Z
Untrusted Process Tree,severity_score,2025-08-14T21:50:49Z,,,,,,,,,,,,,,,,2025-08-14T21:50:49Z
File Modified,severity_score,2025-08-14T21:50:50Z,,,,,,,,,,,,,,,,2025-08-14T21:50:50Z
Process Created,severity_score,2025-08-14T21:50:53Z,,,,,,,,,,,,,,,,2025-08-14T21:50:53Z
Untrusted Process Tree,severity_score,2025-08-14T21:50:53Z,,,,,,,,,,,,,,,,2025-08-14T21:50:53Z
System File Touched,severity_score,2025-08-14T21:50:55Z,,,,,,,,,,,,,,,,2025-08-14T21:50:55Z
Network Connection,severity_score,2025-08-14T21:50:57Z,,,,,,,,,,,,,,,,2025-08-14T21:50:57Z
Process Created,severity_score,2025-08-14T21:50:57Z,,,,,,,,,,,,,,,,2025-08-14T21:50:57Z
Untrusted Process Tree,severity_score,2025-08-14T21:50:57Z,,,,,,,,,,,,,,,,2025-08-14T21:50:57Z
File Modified,severity_score,2025-08-14T21:50:59Z,,,,,,,,,,,,,,,,2025-08-14T21:50:59Z
Suspicious Network,severity_score,2025-08-14T21:51:01Z,,,,,,,,,,,,,,,,2025-08-14T21:51:01Z
Process Created,severity_score,2025-08-14T21:51:01Z,,,,,,,,,,,,,,,,2025-08-14T21:51:01Z
Untrusted Process Tree,severity_score,2025-08-14T21:51:01Z,,,,,,,,,,,,,,,,2025-08-14T21:51:01Z
System File Touched,severity_score,2025-08-14T21:51:03Z,,,,,,,,,,,,,,,,2025-08-14T21:51:03Z
Process Created,severity_score,2025-08-14T21:51:05Z,,,,,,,,,,,,,,,,2025-08-14T21:51:05Z
Untrusted Process Tree,severity_score,2025-08-14T21:51:05Z,,,,,,,,,,,,,,,,2025-08-14T21:51:05Z
File Modified,severity_score,2025-08-14T21:51:07Z,,,,,,,,,,,,,,,,2025-08-14T21:51:07Z
Process Created,severity_score,2025-08-14T21:51:09Z,,,,,,,,,,,,,,,,2025-08-14T21:51:09Z
Untrusted Process Tree,severity_score,2025-08-14T21:51:09Z,,,,,,,,,,,,,,,,2025-08-14T21:51:09Z
Network Connection,severity_score,2025-08-14T21:51:10Z,,,,,,,,,,,,,,,,2025-08-14T21:51:10Z
System File Touched,severity_score,2025-08-14T21:51:11Z,,,,,,,,,,,,,,,,2025-08-14T21:51:11Z
Untrusted Process Tree,severity_score,2025-08-14T21:51:14Z,,,,,,,,,,,,,,,,2025-08-14T21:51:14Z
Process Created,severity_score,2025-08-14T21:51:14Z,,,,,,,,,,,,,,,,2025-08-14T21:51:14Z
Suspicious Network,severity_score,2025-08-14T21:51:14Z,,,,,,,,,,,,,,,,2025-08-14T21:51:14Z
File Modified,severity_score,2025-08-14T21:51:15Z,,,,,,,,,,,,,,,,2025-08-14T21:51:15Z
Untrusted Process Tree,severity_score,2025-08-14T21:51:18Z,,,,,,,,,,,,,,,,2025-08-14T21:51:18Z
Process Created,severity_score,2025-08-14T21:51:18Z,,,,,,,,,,,,,,,,2025-08-14T21:51:18Z
Network Connection,severity_score,2025-08-14T21:51:18Z,,,,,,,,,,,,,,,,2025-08-14T21:51:18Z
Autorun Entry Detected,severity_score,2025-08-14T21:51:19Z,,,,,,,,,,,,,,,,2025-08-14T21:51:19Z
System File Touched,severity_score,2025-08-14T21:51:19Z,,,,,,,,,,,,,,,,2025-08-14T21:51:19Z
Untrusted Process Tree,severity_score,2025-08-14T21:51:22Z,,,,,,,,,,,,,,,,2025-08-14T21:51:22Z
Process Created,severity_score,2025-08-14T21:51:22Z,,,,,,,,,,,,,,,,2025-08-14T21:51:22Z
Suspicious Network,severity_score,2025-08-14T21:51:23Z,,,,,,,,,,,,,,,,2025-08-14T21:51:23Z
Autorun Entry Detected,severity_score,2025-08-14T21:51:23Z,,,,,,,,,,,,,,,,2025-08-14T21:51:23Z
File Modified,severity_score,2025-08-14T21:51:23Z,,,,,,,,,,,,,,,,2025-08-14T21:51:23Z
Untrusted Process Tree,severity_score,2025-08-14T21:51:26Z,,,,,,,,,,,,,,,,2025-08-14T21:51:26Z
Suspicious Process Modules,severity_score,2025-08-14T21:51:26Z,,,,,,,,,,,,,,,,2025-08-14T21:51:26Z
Network Connection,severity_score,2025-08-14T21:51:27Z,,,,,,,,,,,,,,,,2025-08-14T21:51:27Z
Autorun Entry Detected,severity_score,2025-08-14T21:51:27Z,,,,,,,,,,,,,,,,2025-08-14T21:51:27Z
System File Touched,severity_score,2025-08-14T21:51:27Z,,,,,,,,,,,,,,,,2025-08-14T21:51:27Z
Untrusted Process Tree,severity_score,2025-08-14T21:51:30Z,,,,,,,,,,,,,,,,2025-08-14T21:51:30Z
Process Created,severity_score,2025-08-14T21:51:30Z,,,,,,,,,,,,,,,,2025-08-14T21:51:30Z
Suspicious Network,severity_score,2025-08-14T21:51:31Z,,,,,,,,,,,,,,,,2025-08-14T21:51:31Z
Autorun Entry Detected,severity_score,2025-08-14T21:51:31Z,,,,,,,,,,,,,,,,2025-08-14T21:51:31Z
File Modified,severity_score,2025-08-14T21:51:31Z,,,,,,,,,,,,,,,,2025-08-14T21:51:31Z
Untrusted Process Tree,severity_score,2025-08-14T21:51:34Z,,,,,,,,,,,,,,,,2025-08-14T21:51:34Z
Process Created,severity_score,2025-08-14T21:51:34Z,,,,,,,,,,,,,,,,2025-08-14T21:51:34Z
Autorun Entry Detected,severity_score,2025-08-14T21:51:35Z,,,,,,,,,,,,,,,,2025-08-14T21:51:35Z
System File Touched,severity_score,2025-08-14T21:51:35Z,,,,,,,,,,,,,,,,2025-08-14T21:51:35Z
Untrusted Process Tree,severity_score,2025-08-14T21:51:38Z,,,,,,,,,,,,,,,,2025-08-14T21:51:38Z
Process Created,severity_score,2025-08-14T21:51:38Z,,,,,,,,,,,,,,,,2025-08-14T21:51:38Z
Autorun Entry Detected,severity_score,2025-08-14T21:51:39Z,,,,,,,,,,,,,,,,2025-08-14T21:51:39Z
File Modified,severity_score,2025-08-14T21:51:40Z,,,,,,,,,,,,,,,,2025-08-14T21:51:40Z
Network Connection,severity_score,2025-08-14T21:51:40Z,,,,,,,,,,,,,,,,2025-08-14T21:51:40Z
Untrusted Process Tree,severity_score,2025-08-14T21:51:42Z,,,,,,,,,,,,,,,,2025-08-14T21:51:42Z
Process Created,severity_score,2025-08-14T21:51:43Z,,,,,,,,,,,,,,,,2025-08-14T21:51:43Z
Autorun Entry Detected,severity_score,2025-08-14T21:51:43Z,,,,,,,,,,,,,,,,2025-08-14T21:51:43Z
System File Touched,severity_score,2025-08-14T21:51:44Z,,,,,,,,,,,,,,,,2025-08-14T21:51:44Z
Suspicious Network,severity_score,2025-08-14T21:51:44Z,,,,,,,,,,,,,,,,2025-08-14T21:51:44Z
Untrusted Process Tree,severity_score,2025-08-14T21:51:47Z,,,,,,,,,,,,,,,,2025-08-14T21:51:47Z
Process Created,severity_score,2025-08-14T21:51:47Z,,,,,,,,,,,,,,,,2025-08-14T21:51:47Z
Autorun Entry Detected,severity_score,2025-08-14T21:51:48Z,,,,,,,,,,,,,,,,2025-08-14T21:51:48Z
File Modified,severity_score,2025-08-14T21:51:48Z,,,,,,,,,,,,,,,,2025-08-14T21:51:48Z
Untrusted Process Tree,severity_score,2025-08-14T21:51:51Z,,,,,,,,,,,,,,,,2025-08-14T21:51:51Z
Process Created,severity_score,2025-08-14T21:51:51Z,,,,,,,,,,,,,,,,2025-08-14T21:51:51Z
Autorun Entry Detected,severity_score,2025-08-14T21:51:52Z,,,,,,,,,,,,,,,,2025-08-14T21:51:52Z
System File Touched,severity_score,2025-08-14T21:51:52Z,,,,,,,,,,,,,,,,2025-08-14T21:51:52Z
Network Connection,severity_score,2025-08-14T21:51:53Z,,,,,,,,,,,,,,,,2025-08-14T21:51:53Z
Untrusted Process Tree,severity_score,2025-08-14T21:51:55Z,,,,,,,,,,,,,,,,2025-08-14T21:51:55Z
Process Created,severity_score,2025-08-14T21:51:55Z,,,,,,,,,,,,,,,,2025-08-14T21:51:55Z
File Modified,severity_score,2025-08-14T21:51:56Z,,,,,,,,,,,,,,,,2025-08-14T21:51:56Z
Suspicious Network,severity_score,2025-08-14T21:51:57Z,,,,,,,,,,,,,,,,2025-08-14T21:51:57Z
Suspicious Process Modules,severity_score,2025-08-14T21:51:59Z,,,,,,,,,,,,,,,,2025-08-14T21:51:59Z
Untrusted Process Tree,severity_score,2025-08-14T21:51:59Z,,,,,,,,,,,,,,,,2025-08-14T21:51:59Z
System File Touched,severity_score,2025-08-14T21:52:00Z,,,,,,,,,,,,,,,,2025-08-14T21:52:00Z
Process Created,severity_score,2025-08-14T21:52:03Z,,,,,,,,,,,,,,,,2025-08-14T21:52:03Z
Untrusted Process Tree,severity_score,2025-08-14T21:52:03Z,,,,,,,,,,,,,,,,2025-08-14T21:52:03Z
File Modified,severity_score,2025-08-14T21:52:04Z,,,,,,,,,,,,,,,,2025-08-14T21:52:04Z
Network Connection,severity_score,2025-08-14T21:52:06Z,,,,,,,,,,,,,,,,2025-08-14T21:52:06Z
Untrusted Process Tree,severity_score,2025-08-14T21:52:07Z,,,,,,,,,,,,,,,,2025-08-14T21:52:07Z
Process Created,severity_score,2025-08-14T21:52:07Z,,,,,,,,,,,,,,,,2025-08-14T21:52:07Z
System File Touched,severity_score,2025-08-14T21:52:08Z,,,,,,,,,,,,,,,,2025-08-14T21:52:08Z
Suspicious Network,severity_score,2025-08-14T21:52:10Z,,,,,,,,,,,,,,,,2025-08-14T21:52:10Z
Untrusted Process Tree,severity_score,2025-08-14T21:52:11Z,,,,,,,,,,,,,,,,2025-08-14T21:52:11Z
Process Created,severity_score,2025-08-14T21:52:11Z,,,,,,,,,,,,,,,,2025-08-14T21:52:11Z
File Modified,severity_score,2025-08-14T21:52:12Z,,,,,,,,,,,,,,,,2025-08-14T21:52:12Z
Network Connection,severity_score,2025-08-14T21:52:14Z,,,,,,,,,,,,,,,,2025-08-14T21:52:14Z
Untrusted Process Tree,severity_score,2025-08-14T21:52:16Z,,,,,,,,,,,,,,,,2025-08-14T21:52:16Z
Process Created,severity_score,2025-08-14T21:52:16Z,,,,,,,,,,,,,,,,2025-08-14T21:52:16Z
System File Touched,severity_score,2025-08-14T21:52:17Z,,,,,,,,,,,,,,,,2025-08-14T21:52:17Z
Suspicious Network,severity_score,2025-08-14T21:52:18Z,,,,,,,,,,,,,,,,2025-08-14T21:52:18Z
Untrusted Process Tree,severity_score,2025-08-14T21:52:20Z,,,,,,,,,,,,,,,,2025-08-14T21:52:20Z
Process Created,severity_score,2025-08-14T21:52:20Z,,,,,,,,,,,,,,,,2025-08-14T21:52:20Z
File Modified,severity_score,2025-08-14T21:52:21Z,,,,,,,,,,,,,,,,2025-08-14T21:52:21Z
